row number,year,month,day,WEATHER,,AIR POLLUTION,HAIR HEALTH,SKIN CONDITION,MOOD,MOOD,SLEEP,WAKE UP,SLEEP TIME,NAP,CYCLE,SCREENTIME,WEIGHT,CALORIES,TRAVEL,WORKPLACE,WORKTIME,SPORT,STRETCHING,YOGA,MEDITATION,DANCE,SELF CARE,KOREAN,SP/DE/RU,READING,WRITING,DRAWING / DESIGN,PROGRAMMING,CROCHET / SEWING,STUDYING,NETWORKING,CLEANING / ORDERING,COOKING,SHAMPOO,FUN,CALL FRIENDS,LAUNDRY,NETFLIX,YOUTUBE,OUTINGS,RESTAURANT,CAFE,BAR/CLUB,SHOPPING,ALCOHOL,OVEREATING,NAILS,HAIR PEELING,PIMPLES,HAIR IRONING,HAIR SCRATCHING,,Youtube,,@chayeri,,@gingerinseoul,,@ginger_in_seoul,,@gingeronpaper,,@gingeronthepole,,,Naver blog,, ,,Hello talk,Comments,,,,,,,,,,,,,,,,,,
,,,,,,,,,,,,,,,,,,,,,,1,1,1,1,1,1,1,1,1,1,1,1,1,1,1,1,1,0,0,0,0,0,0,0,0,0,0,2,2,2,2,2,2,2,2,,,,,,,,,,,,,,,,,,,,,,,,,,,,,,,,,,,,,,
1,2022,1,1,cloudy-outline,☁️,,,,a,,,,,,,,,,,,,,,,,,,,,,,,,,,,,,,,1,,,,,,,,,,,,,,,,,,,,,,,,,,,,,,,,,,,,,,,,,,,,,,,,,,,,,
1,2022,1,2,cloudy-outline,☁️,,,,a,s,,,,,,,,,,,,,,,,1,,,,,,,,,,,,,,,,,,,1,,,1,,,,,,,,,,,,,,,,,,,,,,,,,,,,,,☀️️,sunny-outline,,,,,,,,,,,,,,,
1,2022,1,3,cloudy-outline,☁️,,,,n,i,,,,,,,,,,,,1,,,,,,,,,,,,,,,,,,,1,,,,,,1,,,,,,,,,,,,,,,,,,,,,,,,,,,,,,,☁️,cloudy-outline,,,,,,,,,,,,,,,
1,2022,1,4,sunny-outline,☀️️,,,,b,i,,,,,,,,,,,,,,,,,,,,,,,,,,,,,1,,,1,,,,,,,,,,,,,,,,,,,,,,,,,,,,,,,,,,,,🌧,rainy-outline,,,,,,,,,,,,,,,
1,2022,1,5,sunny-outline,☀️️,,,,b,i,,,,,,,,,,,,,,,,,,,,,,,,,,,,,,,,,,,,,,,,,,,,,,,,,,,,,,,,,,,,,,,,,,,,⚡,thunderstorm-outline,,,,,,,,,,,,,,,
1,2022,1,6,sunny-outline,☀️️,,,,s,,,,,,,,,,,,,,,,,,,,,,,,,,,,,,,,,,,,,,,,,,,,,,,,,912,,,,,,,,,,,,,,,,,,,,⛅,partly-sunny-outline,,,,,,,,,,,,,,,
1,2022,1,7,cloudy-outline,☁️,,,,a,n,,,,,,,,,,,,,,,,,,1,,,,,,1,,,1,1,,,1,,,,,,,,,,,,,,,,,911,,,,,,,,,,,,,,,,,,,,❄️,snow-outline,,,,,,,,,,,,,,,
1,2022,1,8,cloudy-outline,☁️,6,,,i,,,,,,,,,,,,,,,,,,,,,,,,,,1,,,,,,,,,,,1,,,1,,,,,,,,,913,,,,,,,,,,,,,,,,,,,,,,,,,,,,,,,,,,,,
1,2022,1,9,cloudy-outline,☁️,3,,,n,,,,,,,,56,,,,,,,,,,,,,,,,,,,,,1,1,,,,,,,,,,,,,,,,,,,913,,,,,,,,,,,,,,,,,,,,,,,,,,,,,,,,,,,,
1,2022,1,10,cloudy-outline,☁️,8,,,p,p,,,,,,,56,,,,,,,,,,,1,,,,,,,1,,,,,,,,,,,,,,,,,,,,,,,918,,,,,,,,,,,,,,,,,,,,,,,,,,,,,,,,,,,,
1,2022,1,11,partly-sunny-outline,⛅,2,,,n,b,,,,,,,56,,,,,1,1,1,1,,,,,,,,,,1,,,1,,,1,,,1,,,,,,,,1,,,,1,,920,,,,,,,,,,,,,,,,,,,,,,,,,,,,,,,,,,,,
1,2022,1,12,partly-sunny-outline,⛅,2,,,n,p,,,,,,,57,,,,,1,1,,,,,1,,,,,,,1,,,,,,,,1,1,,,,,,,,,,1,,1,,921,,,,,,,,,,,,,,,,,,,,,,,,,,,,,,,,,,,,
1,2022,1,13,sunny-outline,☀️️,2,,,i,n,,,,,,,56,,,,,,,,,,,,,,,,,,1,,,,,,1,1,,1,1,,,,1,,,,,,,1,,923,,,,,,,,,,,,,,,,,,,,,,,,,,,,,,,,,,,,
1,2022,1,14,sunny-outline,☀️️,3,,,n,,,,,,,,57,,,,,1,,,,1,,,,,,,,,1,,,1,1,,1,,,1,,,,,,,,,,,,,,924,,,,,,,,,,,,,,,,,,,,,,,,,,,,,,,,,,,,
1,2022,1,15,sunny-outline,☀️️,2,,,h,,,,,,,,56,,,,,,,,,,,,,,,,,,1,,,,,,,,,,1,,,1,,,,,,,,,,927,,,,,,,,,,,,,,,,,,,,,,,,,,,,,,,,,,,,
1,2022,1,16,sunny-outline,☀️️,2,,,i,b,,,,,,,56,,,,,,,,,,,,,,,,,,1,,,,,,1,,,,,,,,,,,,,,,1,,927,,,,,,,,,,,,,,,,,,,,,,,,,,,,,,,,,,,,
1,2022,1,17,snow-outline,❄️,2,,,a,h,,,,,,,56,,,,,1,1,,,1,,1,1,,,,,,1,,,,1,,1,,,,1,,,1,,,,1,,,,,,927,,,,,,,,,,,,,,,,,,,,,,,,,,,,,,,,,,,,
1,2022,1,18,sunny-outline,☀️️,4,,,i,p,,,,,,,56,,,,,,,,,1,,1,1,,,,,,1,,,1,,,1,,1,1,,,,,,,,,,,,1,,929,,,,,,,,,,,,,,,,,,,,,,,,,,,,,,,,,,,,
1,2022,1,19,snow-outline,❄️,6,,,b,h,,,,,,,56,,,,,,,,,,,1,1,,,,,,1,,,1,,,,,,1,,,,,,,,,,,,,,930,,,,,,,,,,,,,,,,,,,,,,,,,,,,,,,,,,,,
1,2022,1,20,sunny-outline,☀️️,4,,,h,,,,,,,,56,,,,,,,,,1,,1,,,,,,,,,,,1,,,,,,1,,,1,1,,,,,,,,,933,,,,,,,,,,,,,,,,,,,,,,,,,,,,,,,,,,,,
1,2022,1,21,sunny-outline,☀️️,5,,,b,h,,,,,,,56,,,,,,,,,1,,1,,,,,,,,,1,,,,1,,,1,1,1,,1,,,,,,,,,,932,,,,,,,,,,,,,,,,,,,,,,,,,,,,,,,,,,,,
1,2022,1,22,sunny-outline,☀️️,7,,,h,s,,,,,,,56,,,,,,,,,1,,1,,,,,,,,,,,,,,,,,1,1,,1,,,,,,,,,,935,,,,,,,,,,,,,,,,,,,,,,,,,,,,,,,,,,,,
1,2022,1,23,sunny-outline,☀️️,,,,s,,,,,,,,55,,,,,,,,,1,,1,,,,,,,,,,,,,,,,,1,1,,1,,,,,,,,,,938,,,,,,,,,,,,,,,,,,,,,,,,,,,,,,,,,,,,
1,2022,1,24,sunny-outline,☀️️,,,,p,s,,,,,,,53,,,,,1,1,,,1,,1,,,,,,,,,,,,,,,,,1,,,,,,,,,,,,,940,,,,,,,,,,,,,,,,,,,,,,,,,,,,,,,,,,,,
1,2022,1,25,partly-sunny-outline,⛅,,,,s,,,,,,,,53,,,,,,,,,,,,,,,,,,,,,,,,,,,,,,,,,,,,,,,,,942,,,,,,,,,,,,,,,,,,,,,,,,,,,,,,,,,,,,
1,2022,1,26,sunny-outline,☀️️,,,,s,,,,,,,,54,,,,,,,,,,,,,,,,,,,,,,,,,,,,,,,,,,,,,,,,,943,,,,,,,,,,,,,,,,,,,,,,,,,,,,,,,,,,,,
1,2022,1,27,sunny-outline,☀️️,,,,s,,,,,,,,54,,,,,,,,,1,,1,,,,,,,,,,,,,,,,,1,1,,1,,,,,,,,,,943,,,,,,,,,,,,,,,,,,,,,,,,,,,,,,,,,,,,
1,2022,1,28,sunny-outline,☀️️,,,,h,s,,,,,,,54,,,,,,,,,,,,,,,,,,,,,,,,1,,,,,,,,,,,,,,,,,946,,,,,,,,,,,,,,,,,,,,,,,,,,,,,,,,,,,,
1,2022,1,29,partly-sunny-outline,⛅,,,,h,s,,,,,,,54,,,,,,,,,1,,1,,,,,,,,,,,,,1,,,,1,1,,1,,,,,,,,,,946,,,,,,,,,,,,,,,,,,,,,,,,,,,,,,,,,,,,
1,2022,1,30,partly-sunny-outline,⛅,,,,h,,,,,,,,54,,,,,,,,,1,,1,,,,,,,,,,,,,,,,,1,1,,1,,,,,,,,,,948,,,,,,,,,,,,,,,,,,,,,,,,,,,,,,,,,,,,
1,2022,1,31,partly-sunny-outline,⛅,,,,h,s,,,,,,,54,,,,,,,,,1,,1,,,,,,,,,,,,,,,,,1,1,,1,,,,,,,,,,948,,,,,,,,,,,,,,,,,,,,,,,,,,,,,,,,,,,,
1,2022,2,1,partly-sunny-outline,⛅,,,,a,s,,,,,,,54,,,,,,,,,,,,,,,,,,,,,,,,,,,,,,,,,,,,,,,,,949,,,,,,,,,,,,,,,,,,,,,,,,,,,,,,,,,,,,
1,2022,2,2,sunny-outline,☀️️,,,,n,h,,,,,,,54,,,,,,,,,1,,1,,,,,,,,,,,,,,,,,,1,,1,1,,,,,,,,,949,,,,,,,,,,,,,,,,,,,,,,,,,,,,,,,,,,,,
1,2022,2,3,sunny-outline,☀️️,,,,a,s,,,,,,,54,,,,,1,1,,,,,,,,,,,,,,,,,,,1,,,,,,,,,,,,,,,,949,,,,,,,,,,,,,,,,,,,,,,,,,,,,,,,,,,,,
1,2022,2,4,sunny-outline,☀️️,,,,h,,,,,,,,54,,,,,1,1,,,,,,,,,,,,,,,,1,,1,,,,,,,,,,,,,,,,,949,,,,,,,,,,,,,,,,,,,,,,,,,,,,,,,,,,,,
1,2022,2,5,partly-sunny-outline,⛅,6,,,h,s,,,,,,,54,,,,,,,,,1,,1,,,,,,,,,1,,,,,,,,,1,,1,,,,,,,,,,950,,,,,,,,,,,,,,,,,,,,,,,,,,,,,,,,,,,,
1,2022,2,6,sunny-outline,☀️️,4,,,s,,,,,,,,54,,,,,,,,,1,,,,,,,,,,,,,,,,,,,,,,,,,,,,,,,,952,,,,,,,,,,,,,,,,,,,,,,,,,,,,,,,,,,,,
1,2022,2,7,sunny-outline,☀️️,5,,,,,,,,,,,55,,,,,1,,1,,1,,1,,,,,,,,,1,,,,,,,,,,,1,,,,,,,,,,953,,,,,,,,,,,,,,,,,,,,,,,,,,,,,,,,,,,,
1,2022,2,8,sunny-outline,☀️️,,,,,,,,,,,,55,,,,,,,,,,,,,,,,,,,,,,1,,,,,,,,,,,,,,,,,,,954,,,,,,,,,,,,,,,,,,,,,,,,,,,,,,,,,,,,
1,2022,2,9,sunny-outline,☀️️,,,,,,,,,,,,55,,,,,,,,,1,,1,,,,,,,,,,,,,,,,,,,,1,,,,,,,,,,955,,,,,,,,,,,,,,,,,,,,,,,,,,,,,,,,,,,,
1,2022,2,10,sunny-outline,☀️️,,,,,,,,,,,,55,,,,,,,,,1,,1,,,,,,,,,,,,,,,,,,1,,1,,,,,,,,,,955,,,,,,,,,,,,,,,,,,,,,,,,,,,,,,,,,,,,
1,2022,2,11,sunny-outline,☀️️,,,,,,,,,,,,55,,,,,1,,,,,,,,,,,,,,,,,1,,,,,,,,,,,,,,,,,,,956,,,,,,,,,,,,,,,,,,,,,,,,,,,,,,,,,,,,
1,2022,2,12,sunny-outline,☀️️,,,,,,,,,,,,54,,,,,,,,,1,,1,,,,,,,,,1,,,,,1,,1,,1,,,,,,,,,,,,958,,,,,,,,,,,,,,,,,,,,,,,,,,,,,,,,,,,,
1,2022,2,13,sunny-outline,☀️️,,,,h,,,,,,,,55,,,,,,1,,,1,,1,,,,,,,,,,,,,1,1,,,,,,,,,,,,,,,,958,,,,,,,,,,,,,,,,,,,,,,,,,,,,,,,,,,,,
1,2022,2,14,rainy-outline,🌧,6,,,h,s,,,,,,,55,,,,,,,,,1,,1,,,,,,,,,,,,,,,,,,,,1,,,,,,,,,,959,,,,,,,,,,,,,,,,,,,,,,,,,,,,,,,,,,,,
1,2022,2,15,partly-sunny-outline,⛅,7,,,s,n,,,,,,,55,,,,,1,,,,1,,1,,,,,,,,,,1,1,,,,,1,,1,,1,1,,,1,,1,,,,959,,,,,,,,,,,,,,,,,,,,,,,,,,,,,,,,,,,,
1,2022,2,16,sunny-outline,☀️️,3,,,s,,,,,,,,55,,,,,,1,,,1,,1,,,,,,,,,1,,,,,,,,,,,1,,,,,,,,,,960,,,,,,,,,,,,,,,,,,,,,,,,,,,,,,,,,,,,
1,2022,2,17,partly-sunny-outline,⛅,3,,,N,S,,,,,,,55,,,,,,,,,,,,,,,,,,,,,,,,,,,,1,,,,1,,,,,,,,,960,,,,,,,,,,,,,,,,,,,,,,,,,,,,,,,,,,,,
1,2022,2,18,sunny-outline,☀️️,4,,,S,,,,,,,,54,,,,,1,1,,,,,,,,,,,,,,,,,,,,,,,,,,,,,,,,,,,961,,,,,,,,,,,,,,,,,,,,,,,,,,,,,,,,,,,,
1,2022,2,19,snow-outline,❄️,3,,,S,,,,,,,,55,,,,,,,,,1,,1,,,,,,,,,,,,,,,,,,1,,1,,,,,,,,,,961,,,,,,,,,,,,,,,,,,,,,,,,,,,,,,,,,,,,
1,2022,2,20,sunny-outline,☀️️,4,,,S,,,,,,,,56,,,,,,,,,1,,1,,,,,,,,,,,,,,,,,,,,1,1,,,,,,,,,961,,,,,,,,,,,,,,,,,,,,,,,,,,,,,,,,,,,,
1,2022,2,21,partly-sunny-outline,⛅,4,,,b,H,,,,,,,55,,,,,,,,,1,,1,,,,,,,,,,,,,,,,,,1,,1,,,,,,,,,,962,,,,,,,,,,,,,,,,,,,,,,,,,,,,,,,,,,,,
1,2022,2,22,partly-sunny-outline,⛅,2,,,S,,,,,,,,54,,,,,,1,1,,1,,1,,,,,,,,,,,1,,,,,1,,,,1,,,,,,,,,,962,,,,,,,,,,,,,,,,,,,,,,,,,,,,,,,,,,,,
1,2022,2,23,partly-sunny-outline,⛅,2,,,A,N,,,,,,,53,,,,,1,1,,,1,,1,,,,,,,,,,,,,,,,,,,,1,,,,,,,,,,963,,,,,,,,,,,,,,,,,,,,,,,,,,,,,,,,,,,,
1,2022,2,24,partly-sunny-outline,⛅,,,,,,,,,,,,,,,,,,,,,1,,1,,,,,,,,,,,,,,,,,,,,,,,,,,,,,,,,,,,,,,,,,,,,,,,,,,,,,,,,,,,,,,,,,,
1,2022,2,25,partly-sunny-outline,⛅,,,,,,,,,,,,,,,,,,,,,,,,1,,,,,,,,,,,,,,,,,,,,,,,,,,,,,,,,,,,,,,,,,,,,,,,,,,,,,,,,,,,,,,,,,
1,2022,2,26,partly-sunny-outline,⛅,,,,H,,,,,,,,55,,,,,,,,,1,,1,,,,,,,,,,,,,,,,,,,,,,,,,,,,,,,,,,,,,,,,,,,,,,,,,,,,,,,,,,,,,,,,,,
1,2022,2,27,sunny-outline,☀️️,,,,,,,,,,,,56,,,,,,1,,,1,,1,,,,,,,,,,,,,,,,,,,,,,,,,,,,,,,,,,,,,,,,,,,,,,,,,,,,,,,,,,,,,,,,,,
1,2022,2,28,partly-sunny-outline,⛅,2,,,B,i,,,,,,,55,,,,,,,,,,,,,,,,,,,,,1,,,1,,,,,,,,,,,,,,,,,,,,,,,,,,,,,,,,,,,,,,,,,,,,,,,,,,,,,
1,2022,3,1,sunny-outline,☀️️,,,,,,,,,,,,55,,,,,,,,,,,,,,,,,,,,,,,,,,,,,,,,,,,,,,,,,,,,,,,,,,,,,,,,,,,,,,,,,,,,,,,,,,,,,
1,2022,3,2,sunny-outline,☀️️,,,,,,,,,,,,55,,,,,,,,,,,,,,,,,,,,,,,,,,,,,,,,,,,,,,,,,,,,,,,,,,,,,,,,,,,,,,,,,,,,,,,,,,,,,
1,2022,3,3,partly-sunny-outline,⛅,,,,,,,,,,,,55,,,,,,,,,,,,,,,,,,,,,,,,,,,,,,,,,,,,,,,,,,,,,,,,,,,,,,,,,,,,,,,,,,,,,,,,,,,,,
1,2022,3,4,partly-sunny-outline,⛅,4,,,,,,,,,,,55,,,,,,,,,,,,,,,,,,,,,,,,,,,,,,,,,,,,,,,,,,,,,,,,,,,,,,,,,,,,,,,,,,,,,,,,,,,,,
1,2022,3,5,sunny-outline,☀️️,6,,,a,h,,,,,,,55,,,,,,,,,,,,,,,,,,,,,,,,,,,,,,,,,,,,,,,,,,,,,,,,,,,,,,,,,,,,,,,,,,,,,,,,,,,,,
1,2022,3,6,sunny-outline,☀️️,5,,,n,h,,,,,,,55,,,,,,,,,1,,1,,,,,,,,,,,,,,,,,,,,,,,,,,,,,,,,,,,,,,,,,,,,,,,,,,,,,,,,,,,,,,,,,,
1,2022,3,7,sunny-outline,☀️️,4,,,a,h,,,,,,,55,,,,,1,,,,,,,,,,,,,,,,,,,,,,,,,,,,,,,,,,,,,,,,,,,,,,,,,,,,,,,,,,,,,,,,,,,,,,,,
1,2022,3,8,partly-sunny-outline,⛅,6,,,,,,,,,,,55,,,,,,,,,1,,1,,,,,,,,,,,,,,1,,,,,,,,,,,,,,,,,,,,,,,,,,,,,,,,,,,,,,,,,,,,,,,,,,,,
1,2022,3,9,sunny-outline,☀️️,6,,,,,,,,,,,55,,,,,,,,,1,,1,,,,,,,,,,,,,,,,,,,,,,,,,,,,,,,,,,,,,,,,,,,,,,,,,,,,,,,,,,,,,,,,,,
1,2022,3,10,partly-sunny-outline,⛅,6,,,,,,,,,,,55,,,,,,,,,1,,1,,,,,,,,,,,1,,,,,,,,,,,,,,,,,,,,,,,,,,,,,,,,,,,,,,,,,,,,,,,,,,,,,,,
1,2022,3,11,partly-sunny-outline,⛅,5,,,,,,,,,,,55,,,,,1,,,,1,,1,,,,,,,,,,,,,,,,,,,,,,,,,,,,,,,,,,,,,,,,,,,,,,,,,,,,,,,,,,,,,,,,,,
1,2022,3,12,rainy-outline,🌧,2,,,,,,,,,,,55,,,,,,,,,1,,1,,,,,,,,,1,,,,1,,,,,,,,,,,,,,,,,,,,,,,,,,,,,,,,,,,,,,,,,,,,,,,,,,,,,
1,2022,3,13,cloudy-outline,☁️,4,,,,,,,,,,,55,,,,,,,,,1,,1,,,,,,,1,,,,,,1,,,,1,,,,,,,,,,,,,,,,,,,,,,,,,,,,,,,,,,,,,,,,,,,,,,,,,
1,2022,3,14,cloudy-outline,☁️,2,,,,,,,,,,,56,,,,,,,,,1,,1,,,,,,,,,,,,,,,,,,,,1,,,,,,,,,,,,,,,,,,,,,,,,,,,,,,,,,,,,,,,,,,,,,,
1,2022,3,15,rainy-outline,🌧,4,,,h,b,,,,,,,55,,,,,,,,,1,,1,,,,,,,,,,,,,,,,,,,,1,1,,,,,,,,,,,,,,,,,,,,,,,,,,,,,,,,,,,,,,,,,,,,,
1,2022,3,16,,,,,,,,,,,,,,54,,,,,,,,,1,,1,,,,,,,,,,,,,,,,,1,1,,1,,,,,,,,,,,,,,,,,,,,,,,,,,,,,,,,,,,,,,,,,,,,,,
1,2022,3,17,cloudy-outline,☁️,,,,h,b,,,,,,,54,,,,,,,,,1,,1,,,,,,,,,,,,,,,,,,1,1,1,,,,,,,,,,966,,,,,,,,,,,,,,,,,,,,,,,,,,,,,,,,,,,,
1,2022,3,18,snow-outline,❄️,2,,,b,,,,,,,,54,,,,,,,,,1,,1,,,,,,,1,,,1,,,,,,,1,,,1,,,,,,,,,,966,,,,,,,,,,,,,,,,,,,,,,,,,,,,,,,,,,,,
1,2022,3,19,cloudy-outline,☁️,2,,,h,n,,,,,,,55,,,,,,,,,,,,,,,1,,,,,1,,1,,1,,1,,1,,,,,,,,,,,,,968,,,,,,,,,,,,,,,,,,,,,,,,,,,,,,,,,,,,
1,2022,3,20,partly-sunny-outline,⛅,,,,p,n,,,,,,,55,,,,,,,,,1,,1,,,,,,,1,,,,,,,,,1,1,1,,1,,,,,,,,,,969,,,,,,,,,,,,,,,,,,,,,,,,,,,,,,,,,,,,
1,2022,3,21,,,,,,i,,,,,,,,55,,,,,,,,,,,1,,,,,,,,,,,1,,,,,1,,,,1,,,,,,,,,,969,,,,,,,,,,,,,,,,,,,,,,,,,,,,,,,,,,,,
1,2022,3,22,,,,,,,,,,,,,,55,,,,,,,,,,,1,,,,,,,,,,,,,,1,,,,,,1,,,,,,,,,,969,,,,,,,,,,,,,,,,,,,,,,,,,,,,,,,,,,,,
1,2022,3,23,,,,,,p,h,,,,,,,55,,,,,1,,,,,,1,,,,,,,,,,,,,,1,,,,1,,,,,,,,,,,,969,,,,,,,,,,,,,,,,,,,,,,,,,,,,,,,,,,,,
1,2022,3,24,partly-sunny-outline,⛅,,,,b,h,,,,,,,55,,,,,,,,,,,1,,,,,,,,,,1,,,,,,,,1,,1,,,,,,,,,,969,,,,,,,,,,,,,,,,,,,,,,,,,,,,,,,,,,,,
1,2022,3,25,rainy-outline,🌧,,,,p,h,,,,,,,55,,,,,,,,,,,1,,,,,,,1,,,,,,1,,,,,1,1,1,,,,,,,,,,969,,,,,,,,,,,,,,,,,,,,,,,,,,,,,,,,,,,,
1,2022,3,26,partly-sunny-outline,⛅,5,,,H,N,,,,,,,55,,,,,,,,,,,1,,,,,,,1,,1,,1,,1,,1,,1,1,1,1,,,,,,,,,,969,,,,,,,,,,,,,,,,,,,,,,,,,,,,,,,,,,,,
1,2022,3,27,sunny-outline,☀️️,3,,,h,S,,,,,,,54,,,,,,,,,,,1,,,,,,,1,,,,,,1,,,,,,,,,,,,,,,,,970,,,,,,,,,,,,,,,,,,,,,,,,,,,,,,,,,,,,
1,2022,3,28,,,,,,,,,,,,,,54,,,,,,,,,1,,,,,,,,,,,,,,,,,,,,1,,1,,,,,,,,,,970,,,,,,,,,,,,,,,,,,,,,,,,,,,,,,,,,,,,
1,2022,3,29,,,,,,i,,,,,,,,54,,,,,,,,,1,,,,,,,,,,,,,,,,,,,,,,1,,,,,,,,,,970,,,,,,,,,,,,,,,,,,,,,,,,,,,,,,,,,,,,
1,2022,3,30,,,,,,i,,,,,,,,54,,,,,1,,,,,,,,,,,,,1,,,,,,,,,,,1,,1,,,,,,,,,,970,,,,,,,,,,,,,,,,,,,,,,,,,,,,,,,,,,,,
1,2022,3,31,,,,,,,,,,,,,,54,,,,,,,,,1,,,,,,,,,,,,,,,,,,,1,,,1,,,,,,,,,,972,,,,,,,,,,,,,,,,,,,,,,,,,,,,,,,,,,,,
1,2022,4,1,,,,,,s,i,,,,,,,54,,,,,,,,,,,,,,,,,,,,,,,,,,,,,,,,,,,,,,,,,970,,,,,,,,,,,,,,,,,,,,,,,,,,,,,,,,,,,,
1,2022,4,2,,,,,,h,n,,,,,,,54,,,,,,,,,1,,,,,,,,,,,,,,,,,,,1,1,,1,1,,,,,,,,,969,,,,,,,,,,,,,,,,,,,,,,,,,,,,,,,,,,,,
1,2022,4,3,,,,,,s,n,,,,,,,54,,,,,,,,,1,,1,,,,,,,,,,,,,,,,,,1,,1,,,,,,,,,,968,,,,,,,,,,,,,,,,,,,,,,,,,,,,,,,,,,,,
1,2022,4,4,,,,,,h,b,,,,,,,54,,,,,,,,,1,,,,,,,,,,,,,,,,,,,,1,,1,,,,,,,,1,,972,,,,,,,,,,,,,,,,,,,,,,,,,,,,,,,,,,,,
1,2022,4,5,,,,,,s,n,,,,,,,54,,,,,,,,,1,,,,,,,,,,,,,,,1,,,,,,,1,,,,,,,,,,970,,,,,,,,,,,,,,,,,,,,,,,,,,,,,,,,,,,,
1,2022,4,6,,,,,,p,h,,,,,,,54,,,,,1,,,,,,,,,,,,,,,,1,,,,,,,,,,,,,,,,,,,,970,,,,,,,,,,,,,,,,,,,,,,,,,,,,,,,,,,,,
1,2022,4,7,,,,,,h,,,,,,,,54,,,,,,,,,,,,,,,,,,,,,,,,,,,,,1,,,,,,,,,,,,970,,,,,,,,,,,,,,,,,,,,,,,,,,,,,,,,,,,,
1,2022,4,8,,,,,,h,p,,,,,,,54,,,,,,,,,,,,,,,,,,1,,,,,,,,,,1,1,1,,,,,,,,,,,969,,,,,,,,,,,,,,,,,,,,,,,,,,,,,,,,,,,,
1,2022,4,9,,,,,,h,,,,,,,,55,,,,,,,,,,,,,,,,,,,,,,,,,,,,1,1,,,,,,1,,,,,,970,,,,,,,,,,,,,,,,,,,,,,,,,,,,,,,,,,,,
1,2022,4,10,,,3,,,b,p,,,,,,,55,,,,,,,,,,,,,,,,,,1,,,,1,,,1,,1,,,,,,,,1,,,,,,971,,,,,,,,,,,,,,,,,,,,,,,,,,,,,,,,,,,,
1,2022,4,11,,,4,,,b,,,,,,,,56,,,,,1,,,,1,,1,,,,,,,,,,1,,,,,,,1,,,1,1,,,,,,,,,971,,,,,,,,,,,,,,,,,,,,,,,,,,,,,,,,,,,,
1,2022,4,12,partly-sunny-outline,⛅,3,,,n,n,,,,,,,56,,,,,,1,,,,,,,,,,,1,,,,1,,,,1,,,,,,,,,,1,,,,,,971,,,,,,,,,,,,,,,,,,,,,,,,,,,,,,,,,,,,
1,2022,4,13,partly-sunny-outline,⛅,2,,,b,p,,,,,,,55,,,,,1,,,,,,,,,,,,,1,,,,,,1,,,,,,,,,,,,,,,,,971,,,,,,,,,,,,,,,,,,,,,,,,,,,,,,,,,,,,
1,2022,4,14,partly-sunny-outline,⛅,1,,,h,,,,,,,,55,,,,,,,,,,,1,1,,,,,,1,,,,1,,,,,1,1,1,1,,,,,,,,,,,972,,,,,,,,,,,,,,,,,,,,,,,,,,,,,,,,,,,,
1,2022,4,15,sunny-outline,☀️️,1,,,h,p,,,,,,,55,,,,,,,,,,,,,,,,,,1,,1,,,,,,,1,,1,,,,,,,,,,,,972,,16184,,,,,,,,,,,,,,,,,,,,,,,,,,,,,,,,,,
1,2022,4,16,sunny-outline,☀️️,1,,,h,,,,,,,,55,,,,,,,,,1,,1,,,,,,,,,,,,,,,,,1,1,1,1,1,,,,,,,,,972,,,,,,,,,,,,,,,,,,,,,,,,,,,,,,,,,,,,
1,2022,4,17,sunny-outline,☀️️,2,,,h,,,,,,,,55,,,,,,,,,,,1,,,,,,,1,,,,,,,,1,,,1,1,,,,1,1,,1,,1,,972,,16225,,,,,,,,,,,,,,,,,,,,,,,,,,,,,,,,,,
1,2022,4,18,sunny-outline,☀️️,5,,,,,,,,,,,55,,,,,,,,,,,,,,,,,,1,,,,,,,,,,,,,,,1,,,,,,,,972,,16226,,,,,,,,,,,,,,,,,,,,,,,,,,,,,,,,,,
1,2022,4,19,sunny-outline,☀️️,6,,,,,,,,,,,55,,,,,,,,,,,,,,,,,,,,,,1,,,,1,,,,,,,,,,,,,,,971,,,,,,,,,,,,,,,,,,,,,,,,,,,,,,,,,,,,
1,2022,4,20,sunny-outline,☀️️,7,,,b,n,,,,,,,56,,,,,,,,,,,,,,,,,,1,,,,,,,,,,,1,1,,1,,1,,1,,,,,971,,,,,,,,,,,,,,,,,,,,,,,,,,,,,,,,,,,,
1,2022,4,21,partly-sunny-outline,⛅,3,,,h,n,,,,,,,55,,,,,1,,,,,,1,,,,,,,1,,,,,,1,,,,1,1,,,,,,,1,,,,,971,,,,,,,,,,,,,,,,,,,,,,,,,,,,,,,,,,,,
1,2022,4,22,cloudy-outline,☁️,4,,,p,n,,,,,,,55,,,,,1,1,1,1,,,1,,,,,,,,,,,1,,1,,1,1,,1,,,,,1,,1,,,,,971,,,,,,,,,,,,,,,,,,,,,,,,,,,,,,,,,,,,
1,2022,4,23,partly-sunny-outline,⛅,4,,,p,,,,,,,,56,,,,,1,,1,1,,,1,,,,,,,1,,1,1,,,,,,1,,,,,,,,1,1,1,,1,,971,,,,,,,,,,,,,,,,,,,,,,,,,,,,,,,,,,,,
1,2022,4,24,,,4,,,,,,,,,,,57,,,,,,,,,,,1,,,,,,,,,,1,,,,,,,,,,,,,,,,,,,,971,,,,,,,,,,,,,,,,,,,,,,,,,,,,,,,,,,,,
1,2022,4,25,,,5,,,,,,,,,,,57,,,,,,,,,1,,1,,,,,,,,,,,,,,,,,,,,1,,,,,,,,,,973,,,,,,,,,,,,,,,,,,,,,,,,,,,,,,,,,,,,
1,2022,4,26,,,6,,,,,,,,,,,56,,,,,1,1,1,,,,,,,,,,,1,,,,1,,,,,1,,,,,,,,,,,,,,973,,,,,,,,,,,,,,,,,,,,,,,,,,,,,,,,,,,,
1,2022,4,27,,,8,,,,,,,,,,,55,,,,,1,1,1,,1,,,,,,,,,,,,,,,,,,,,,,,,,,,,,,,,973,,,,,,,,,,,,,,,,,,,,,,,,,,,,,,,,,,,,
1,2022,4,28,,,6,,,h,p,,,,,,,55,,,,,,,,,,,,,,,,,,,,,,,,1,,,,,,,,,,,,,,,,,973,,,,,,,,,,,,,,,,,,,,,,,,,,,,,,,,,,,,
1,2022,4,29,,,6,,,,,,,,,,,55,,,,,1,,1,,1,,1,,,,,,,,,,,,,,,,,,,,,,,,,,,,,,973,,,,,,,,,,,,,,,,,,,,,,,,,,,,,,,,,,,,
1,2022,4,30,partly-sunny-outline,⛅,7,,,,,,,,,,,54,,,,,,,,,1,,1,,,,,,,,,,,1,,,,,,1,1,,1,,1,,,,,,,,973,,,,,,,,,,,,,,,,,,,,,,,,,,,,,,,,,,,,
1,2022,5,1,partly-sunny-outline,⛅,7,,,h,i,2,8,,4,,,55,,,,,1,,,,,,1,1,,,,,,,,1,,,,,,,1,1,1,1,,,1,,1,,1,,,,973,,16737,,,,,,,,,,,,,,,,,,,,,,,,,,,,,,,,,,
1,2022,5,2,partly-sunny-outline,⛅,6,,,p,,0,8,,,,,55,,,,,1,1,1,1,1,,,1,,,,,,,,,,,,1,,1,1,,,,,,,,1,,1,,1,,974,,16746,,,,,,,,,,,,,,,,,,,,,,,,,,,,,,,,,,
1,2022,5,3,partly-sunny-outline,⛅,2,,,p,,1,7,,,,,55,,,,,1,1,1,,,,,1,,,,,,,,,1,,,,,1,1,,,,,,,,,,,,1,,974,,,,,,,,,,,,,,,,,,,,,,,,,,,,,,,,,,,,
1,2022,5,4,partly-sunny-outline,⛅,3,,,b,n,0,7,,,,,55,,,,,1,1,,,,,,,,,,,,1,,1,,1,,1,,1,,,,,,,,,1,1,1,,,,976,,16761,,,,,,,,,,,,,,,,,,,,,,,,,,,,,,,,,,
1,2022,5,5,sunny-outline,☀️️,3,,,h,p,0,7,,2,,,55,,,,,1,,,,,,1,1,,,,,,,,,,,,,,,,1,1,,,,1,1,,1,1,,,,976,,,,,,,,,,,,,,,,,,,,,,,,,,,,,,,,,,,,
1,2022,5,6,cloudy-outline,☁️,3,,,p,b,1,7,,,,,56,,,,,1,1,,,1,,1,1,,,,,,,,,,,,,1,,1,1,,,,,,,,,1,,,,975,,16785,,,,,,,,,,,,,,,,,,,,,,,,,,,,,,,,,,
1,2022,5,7,cloudy-outline,☁️,3,,,p,,1,8,,,,,55,,,,,1,,,,,,1,,,,,,,,,,1,,,,,,,,,,,,,,,,,,,,975,,,,,,,,,,,,,,,,,,,,,,,,,,,,,,,,,,,,
1,2022,5,8,cloudy-outline,☁️,3,,,p,n,1,8,,,,,55,,,,,1,,,,,,1,1,,,,,,1,,,,,,,,,,1,1,1,,,,,,,,,,,975,,,,,,,,,,,,,,,,,,,,,,,,,,,,,,,,,,,,
1,2022,5,9,partly-sunny-outline,⛅,3,,,a,n,2,8,,,,,55,,,,,1,,,,,,,,,,,,,1,,,,1,,,,,1,,,,,,,1,,,1,,1,,974,,16803,,,,,,,,,,,,,,,,,,,,,,,,,,,,,,,,,,
1,2022,5,10,sunny-outline,☀️️,2,,,p,n,1,8,,,,,55,,,,,1,,,,,,1,,,,,,1,1,,1,,,,,1,,1,,1,,,,,,,,1,,,,987,,16803,,,,,,,,,,,,,,,,,,,,,,,,,,,,,,,,,,
1,2022,5,11,partly-sunny-outline,⛅,2,,,p,,1,7,,,,,55,,,,,1,,,,,,1,,,,,,,1,,,,,,,,,,1,,,,,,,,,,,,,997,,17140,,,,,,,,,,,,,,,,,,,,,,,,,,,,,,,,,,
1,2022,5,12,sunny-outline,☀️️,2,,,p,,0,8,,,,,54,,,,,1,,,,,,,,,,,,1,1,,1,1,1,,,,,,,,1,,,,,,,,,,,1007,,17177,,,,,,,,,,,,,,,,,,,,,,,,,,,,,,,,,,
1,2022,5,13,partly-sunny-outline,⛅,2,,,p,i,23,8,,,,,55,,,,,1,,,,1,,1,,,,,,,1,,,,,,,,,1,1,1,,1,1,,,,,1,,,,1007,,,,,,,,,,,,,,,,,,,,,,,,,,,,,,,,,,,,
1,2022,5,14,cloudy-outline,☁️,2,,,i,,1,7,,2,,,55,,,,,1,,,,,,,,,,,,,,,,,,,,,1,,1,1,1,,,,,,,,,,,1009,,,,,,,,,,,,,,,,,,,,,,,,,,,,,,,,,,,,
1,2022,5,15,sunny-outline,☀️️,2,,,i,,22,8,,,,,55,,,,,,,,,,,1,,,,,,1,,,,,,,,,,1,1,1,1,,,,,,,1,,,,1012,,,,,,,,,,,,,,,,,,,,,,,,,,,,,,,,,,,,
1,2022,5,16,partly-sunny-outline,⛅,2,,,I,B,2,9,,,,,54,,,,,,,,,,,1,,,,,,1,,,,,1,,1,,1,1,,,,,,,,,,1,,,,1017,,23891,,,,,,,,,,,,,,,,,,,,,,,,,,,,,,,,,,
1,2022,5,17,cloudy-outline,☁️,4,,,b,n,0,7,,,,,55,,,,,1,,,,,,1,1,,,,,1,,,,,,,,,,1,,,,,1,,,1,,,,1,,1020,,,,,,,,,,,,,,,,,,,,,,,,,,,,,,,,,,,,
1,2022,5,18,partly-sunny-outline,⛅,5,,,P,,23,7,,,,,54,,,,,,1,1,,,,,1,,,,,1,1,,,,,,,,,1,,,,,,,,1,,1,,,,1021,,23921,,,,,,,,,,,,,,,,,,,,,,,,,,,,,,,,,,
1,2022,5,19,partly-sunny-outline,⛅,5,,,P,S,23,7,,,,,54,,,,,1,1,,,,,1,1,,,,,1,1,,1,,,,1,1,1,1,1,,,,1,1,,,,1,,,,1022,,,,,,,,,,,,,,,,,,,,,,,,,,,,,,,,,,,,
1,2022,5,20,cloudy-outline,☁️,5,,,s,,0,7,,,,,53,,,,,1,,,,,,,,,,,,1,,,,,1,,1,,1,,,,,,,,,,,1,,,,1023,,23972,,,,,,,,111,,,,,,,,,,,,,,,,,,,,,,,,,,
1,2022,5,21,sunny-outline,☀️️,2,,,s,,0,7,,,,,52,,,,,1,1,,,,,,,,,,,1,,,,1,,,1,,,1,1,,,,1,,,,,1,,,,1022,,,,,,,,,,,,,,,,,,,,,,,,,,,,,,,,,,,,
1,2022,5,22,sunny-outline,☀️️,5,,,s,b,1,7,,,,,52,,,,,1,,,,,,,,,,,,,1,,,,1,,1,,1,,1,,1,,,,,,,,,,,1021,,23965,,,,,,,,110,,,,,,,,,,,,,,,,,,,,,,,,,,
1,2022,5,23,sunny-outline,☀️️,7,,,s,h,0,7,,,,,52,,,,,1,,,,,,1,,,,,,1,1,,,,,,1,1,1,,1,,1,,,,,,,1,,,,1021,,24016,,,,,,,,,,,,,,,,,,,,,,,,,,,,,,,,,,
1,2022,5,24,sunny-outline,☀️️,4,,,s,,23,7,,,,,52,,,,,1,,,,,,,,,,,,,,,,,,,1,,,,,,1,,,,,,,1,,,,1021,,,,,,,,,,114,,,,,,,,,,,,,,,,,,,,,,,,,,
1,2022,5,25,partly-sunny-outline,⛅,3,,,s,,0,7,,,,,52,,,,,,,,,,,,,,,,,,1,,,,,,1,1,,,1,1,,,,,,,,,,1,,1020,,24067,,,,,,,,114,,,,,,,,,,,,,,,,,,,,,,,,,,
1,2022,5,26,partly-sunny-outline,⛅,2,,,s,h,23,7,,,,,52,,,,,1,,,,1,,1,,,,,,,1,,,,1,,,1,,,1,,,,,,,,,,,,,1021,,24066,,,,,,,,114,,,,,,,,,,,,,,,,,,,,,,,,,,
1,2022,5,27,partly-sunny-outline,⛅,2,,,h,b,9,13,,,,,52,,,,,1,,,,1,,1,,,,,,,,,,,,,,,,1,,1,,,,,1,1,,,,,,1021,,,,,,,,,,,,,,,,,,,,,,,,,,,,,,,,,,,,
1,2022,5,28,partly-sunny-outline,⛅,2,,,n,h,1,8,,,,,53,,,,,,,,,1,,1,,,,1,,,,,,,,,,,,,1,1,,1,,1,,,,,,,,1021,,24165,,,,,,,,115,,,,,,,,,,,,,,,,,,,,,,,,,,
1,2022,5,29,sunny-outline,☀️️,4,,,h,,0,9,,3,,,53,,,,,,,,,,,1,,,,,,,,,,,1,,,,,,1,1,,,,,,,,,,,,1021,,,,,,,,,,,,,,,,,,,,,,,,,,,,,,,,,,,,
1,2022,5,30,cloudy-outline,☁️,5,,,h,p,1,7,,,,,53,,,,,1,,,,,,,,,,,,,1,,,,,,,,,1,,,,,,,1,,,1,,,,1022,,,,,,,,,,119,,,,,,,,,,,,,,,,,,,,,,,,,,
1,2022,5,31,,,,,,,,0,7,,,,,53,,,,,,,,,,,,,,,,,,,,,,,,,,,,,,,,,,,,,,,,,,,24278,,,,,,,,118,,,,,,,,,,,,,,,,,,,,,,,,,,
1,2022,6,1,,,,,,,,0,7,,,,,53,,,,,,,,,,,,,,,,,,,,,,,,,,,,,,,,,,,,,,,,,,,,,,,,,,,,,,,,,,,,,,,,,,,,,,,,,,,,,
1,2022,6,2,,,,,,h,p,23,7,,,,,53,,,,,1,,,,,,,,,,,,,1,,,,,,,,,,,,,,,,,,,,,,,,,,,,,,,,,,,,,,,,,,,,,,,,,,,,,,,,,,,
1,2022,6,3,,,,,,h,,23,7,,,,,54,,,,,,,,,1,,1,,,,,,,,,,,,,,,,,1,1,1,,,,1,,,,,,,,,,,,,,,,,,,,,,,,,,,,,,,,,,,,,,,,,,,
1,2022,6,4,,,,,,h,,2,9,,,,,54,,,,,,,,,,,1,,,,,,,1,,,,,1,,,,,1,1,,,,1,1,,,,,,,,,,,,,,,,,,,,,,,,,,,,,,,,,,,,,,,,,,,
1,2022,6,5,cloudy-outline,☁️,2,,,h,,0,8,,,,,54,,,,,,,,,,,1,,,,,,,,,,,,1,1,,1,,1,1,,,,,1,,,,,,,,,,,,,,,,,,,,,,,,,,,,,,,,,,,,,,,,,,,
1,2022,6,6,sunny-outline,☀️️,2,,,h,b,0,7,,,,,55,,,,,,,,,,,1,,,,1,,,1,,,,1,,1,,,,1,1,,,,,1,,,1,,,,1025,,,,,,,,,,,,,,,,,,,,,,,,,,,,,,,,,,,,
1,2022,6,7,sunny-outline,☀️️,2,,,b,,1,7,,,,,55,,,,,1,,,,,,,,,,,,1,1,,1,,,,,1,,1,,,,,,,,,,1,,,,1024,,,,,,,,,,130,,,,,,,,,,,,,,,,,,,,,,,,,,
1,2022,6,8,cloudy-outline,☁️,2,,,b,p,23,7,,,,,55,,,,,1,1,1,,1,,,1,,,,,,1,,1,,,1,,,1,1,,1,,,,,,,,,,,,1024,,24557,,,,,,,,131,,,,,,,,,,,,,,,,,,,,,,,,,,
1,2022,6,9,rainy-outline,🌧,3,,,b,,1,7,,,,,55,,,,,1,,1,,,,1,,,,,,,1,,,1,1,,1,,,1,,,,,,,,,,,,,,1024,,,,,,,,,,138,,,,,,,,,,,,,,,,,,,,,,,,,,
1,2022,6,10,partly-sunny-outline,⛅,2,,,p,h,1,8,,,,,54,,,,,1,1,1,,,,,,,,,,,1,,,,,,,,,1,1,,,,,,,,,,,,,1024,,24556,,,,,,,,140,,,,,,,,,,,,,,,,,,,,,,,,,,
1,2022,6,11,partly-sunny-outline,⛅,2,,,p,n,0,8,,,,,54,,,,,1,,1,,1,,1,,,,,,,1,,,,,,,,,1,1,1,,1,,1,1,,,,,,,1025,,,,,,,,,,146,,,,,,,,,,,,,,,,,,,,,,,,,,
1,2022,6,12,partly-sunny-outline,⛅,2,,,b,h,1,9,,,,,54,,,,,,,,,,,1,,,,,,,1,,,,,1,1,1,1,,1,1,1,,,,,1,,1,,,,1025,,,,,,,,,,128,,,,,,,,,,,,,,,,,,,,,,,,,,
1,2022,6,13,partly-sunny-outline,⛅,2,,,p,,0,7,,,,,55,,,,,1,1,1,,1,,,,,,,,,1,,,,,,1,,,1,,,,,,,,,,,,,,1028,,,,,,,,,,152,,,,,,,,,,,,,,,,,,,,,,,,,,
1,2022,6,14,partly-sunny-outline,⛅,2,,,p,,0,8,,,,,55,,,,,1,1,1,,,,,,,,,,,1,,1,,1,,,1,,1,,,,,1,,,1,,,,,,1028,,24580,,,,,,,,156,,,,,,,,,,,,,,,,,,,,,,,,,,
1,2022,6,15,rainy-outline,🌧,2,,,,,0,7,,,,,55,,,,,,,,,,,,,,,,,,,,,,,,,,,,,,,,,,,,,,,,,1026,,,,,,,,,,157,,,,,,,,,,,,,,,,,,,,,,,,,,
1,2022,6,16,cloudy-outline,☁️,2,,,p,h,0,7,,,,,55,,,,,1,1,,,,,,1,,,,,,,,1,1,,,,,1,1,,,,,1,,,,,1,,,,1026,,,,,,,,,,157,,,,,,,,,,,,,,,,,,,,,,,,,,
1,2022,6,17,rainy-outline,🌧,2,,,b,,0,8,,,,,55,,,,,,,,,,,,1,,,,,,1,,,,1,,1,,1,1,1,1,,1,,1,1,,,,,,,1026,,,,,,,,,,157,,,,,,,,,,,,,,,,,,,,,,,,,,
1,2022,6,18,cloudy-outline,☁️,2,,,n,,1,8,,,,,56,,,,,,,,,,,,,,,,,,,,,,,1,,,1,,,1,,,,1,1,,,,,,,1028,,24614,,,,,,,,157,,,,,,,,,,,,,,,,,,,,,,,,,,
1,2022,6,19,cloudy-outline,☁️,2,,,b,,0,8,,,,,56,,,,,,,,,,,,,,,,,,,,,,,1,1,1,1,,,1,,,,,1,1,,1,,,,1028,,,,,,,,,,,,,,,,,,,,,,,,,,,,,,,,,,,,
1,2022,6,20,partly-sunny-outline,⛅,2,,,b,,0,8,,,,,55,,,,,1,1,1,,1,,1,1,,,,,,1,,,1,,,1,,1,1,,,,,,,,1,,,,,,1028,,24659,,,,,,,,161,,,,,,,,,,,,,,,,,,,,,,,,,,
1,2022,6,21,partly-sunny-outline,⛅,6,,,n,,23,7,,,,,54,,,,,,,,,,,,,,,,,,,,,,,,,,,,,,,,,,,,,,,,,1028,,,,,,,,,,,,,,,,,,,,,,,,,,,,,,,,,,,,
1,2022,6,22,partly-sunny-outline,⛅,5,,,b,h,23,7,,2,,,55,,,,,,,,,,,,1,,,,,,,,,,,,,,1,1,,1,,,,,1,,,1,,1,,1028,,,,,,,,,,,,,,,,,,,,,,,,,,,,,,,,,,,,
1,2022,6,23,rainy-outline,🌧,4,,,p,,0,7,,1,,,54,,,,,1,,,,,,,,,,,,,,1,,,1,,,,,1,,,,,,,,,,,,,,1029,,24716,,,,,,,,165,,,,,,,,,,,,,,,,,,,,,,,,,,
1,2022,6,24,rainy-outline,🌧,,,,,,0,7,,,,,54,,,,,,,,,,,1,,,,,,,,,,,,,,,,,,,,,,,,,,,,,,1029,,,,,,,,,,,,,,,,,,,,,,,,,,,,,,,,,,,,
1,2022,6,25,cloudy-outline,☁️,,,,,,1,8,,,,,54,,,,,,,,,,,1,,,,,1,,,,,,,,,,,1,1,,,,1,,,,,1,,,,1029,,,,,,,,,,,,,,,,,,,,,,,,,,,,,,,,,,,,
1,2022,6,26,cloudy-outline,☁️,,,,,,1,8,,,,,54,,,,,1,1,,,1,,1,1,,,,,,,,,,,,,,,1,,1,,,,,,,,,,,,1030,,,,,,,,,,,,,,,,,,,,,,,,,,,,,,,,,,,,
1,2022,6,27,rainy-outline,🌧,2,,,n,b,1,7,,,,,54,,,,,1,1,,,,,,1,,,,,,,,1,1,1,,,1,,1,,,,,,,,,,,,,,1029,,,,,,,,,,,,,,,,,,,,,,,,,,,,,,,,,,,,
1,2022,6,28,rainy-outline,🌧,3,,,p,,23,8,,,,,54,,,,,,1,1,,,,,1,,,,1,,,1,,,,,,1,,1,,,,,,,,,,,,,,1028,,24749,,,,,,,,175,,,,,,,,,,,,,,,,,,,,,,,,,,
1,2022,6,29,thunderstorm-outline,⚡,3,,,p,,0,9,,,,,54,,,,,,1,1,,,,1,1,,,,1,,,,1,1,,,1,,1,1,1,,,,,,,,,,,,,1028,,24756,,,,,,,,176,,,,,,,,,,,,,,,,,,,,,,,,,,
1,2022,6,30,thunderstorm-outline,⚡,1,,,p,,0,9,,,,,54,,,,,,1,1,,,,,,,,,1,,1,1,,,,,,,,,1,,1,,,,,,,,,,,1028,,24758,,,,,,,,177,,,,,,,,,,,,,,,,,,,,,,,,,,
1,2022,7,1,cloudy-outline,☁️,3,,,p,h,0,7,,,,,55,,,,,1,1,1,,,,,1,,,,1,,,,1,1,1,,,,1,1,1,,,,,,1,,,1,,,,1029,,24811,,,,,,,,180,,,,,,,,,,,,,,,,,,,,,,,,,,
1,2022,7,2,,,,,,,,0,7,,,,,55,,,,,1,,,,,,,,,,,1,,,,,,,,,,,,,,,,1,,,,,,,,,,,,,,,,,,,,,,,,,,,,,,,,,,,,,,,,,,,,,
1,2022,7,3,,,,,,,,0,8,,,,,,,,,,,,,,,,,,,,,,,,,,,,,,,,,,,,,,,,,,,,,,,,,,,,,,,,,,,,,,,,,,,,,,,,,,,,,,,,,,
1,2022,7,4,,,,,,h,,0,6,,,,,,,,,,,1,,,1,,1,,,,,,,,,,,,,,,,,,1,,,,,,,,,,,,,,,,,,,,,,,,,,,,,,,,,,,,,,,,,,,,,,,,
1,2022,7,5,,,,,,h,,23,6,,,,,,,,,,,,,,,,1,,,,,,,,,,,,,,,,,,1,,,,,1,,,,,,,,,,,,,,,,,,,,,,,,,,,,,,,,,,,,,,,,,,,
1,2022,7,6,,,5,,,h,,23,6,,,,,,,,,,,,,,,,1,,,,,,,,,,,,,,,,,,1,1,,,,1,,,,,,,,,,,,,,,,,,,,,,,,,,,,,,,,,,,,,,,,,,,
1,2022,7,7,sunny-outline,☀️️,,,,h,,23,6,,,,,,,,,,1,,,,,,1,,,,,,,,,,,1,,,,,,,1,1,,,,1,,1,,,,,,,,,,,,,,,,,,,,,,,,,,,,,,,,,,,,,,,,,
1,2022,7,8,partly-sunny-outline,⛅,,,,h,n,1,6,,,,,,,,,,,,,,,,1,,,,,,,,,,,,,,,,,,1,,,,,1,,,1,,,,,,,,,,,,,,,,,,,,,,,,,,,,,,,,,,,,,,,,
1,2022,7,9,cloudy-outline,☁️,,,,h,,1,7,,,,,,,,,,,,,,1,,1,,,,,,,,,,,,,,,,,,1,,,,,1,,,,,,,,,,,,,,,,,,,,,,,,,,,,,,,,,,,,,,,,,,,
1,2022,7,10,sunny-outline,☀️️,,,,h,,0,9,,,,,57,,,,,,,,,,,1,,,,,,,,,,,,,,1,1,,,1,,,,,1,,1,1,,,,1035,,,,,,,,,,188,,,,,,,,,,,,,,,,,,,,,,,,,,
1,2022,7,11,cloudy-outline,☁️,,,,p,,0,7,,,,,56,,,,,,,,,,,,1,,,,1,,,,1,,1,,,1,,1,,,,,,,,,,,,,,1034,,24863,,,,,,,,187,,,,,,,,,,,,,,,,,,,,,,,,,,
1,2022,7,12,cloudy-outline,☁️,2,,,h,,0,7,,,,,56,,,,,,,,,1,,,,,,,,,,,,,,1,,,1,,1,1,1,,,,1,,,,,,,,,,,,,,,,,,,,,,,,,,,,,,,,,,,,,,,,,,,
1,2022,7,13,rainy-outline,🌧,2,,,b,,1,7,,,,,57,,,,,,,,,,,,,,,,,,,,,,,,,,1,,1,1,1,,,,1,,1,,,,,1035,,,,,,,,,,,,,,,,,,,,,,,,,,,,,,,,,,,,
1,2022,7,14,cloudy-outline,☁️,1,,,i,,0,7,,,,,56,,,,,,,,,1,,1,,,,,,,,,,,,,,,,1,1,1,,,,1,1,,1,,,,,1035,,24870,,,,,,,,189,,,,,,,,,,,,,,,,,,,,,,,,,,
1,2022,7,15,,,,,,,,2,7,,,,,57,,,,,,,,,,,,,,,,1,,,,,,1,,,,,1,,,,,,,,,,,,,,1036,,24874,,,,,,,,189,,,,,,,,,,,,,,,,,,,,,,,,,,
1,2022,7,16,,,,,,,,2,8,,,,,56,,,,,,,,,1,,,,,,,1,,,,1,,,,1,,,1,1,,,1,,1,,,,,,,,,,,,,,,,,,,,,,,,,,,,,,,,,,,,,,,,,,,,
1,2022,7,17,,,,,,i,,1,8,,,,,54,,,,,,,,,,,,,,,,,,,,,,,,,,,,,,,,,,,,,,,,,,,,,,,,,,,,,,,,,,,,,,,,,,,,,,,,,,,,,
1,2022,7,18,,,,,,N,B,1,7,,,,,55,,,,,,,,,,,,,,,,1,,,,,1,,,,,,1,,,,,,,,,,,,1,,1037,,,,,,,,,,,,,,,,,,,,,,,,,,,,,,,,,,,,
1,2022,7,19,,,6,,,H,P,0,7,,,,,55,,,,,1,1,,,,,1,,,,,,,,,,,1,,,1,,1,1,1,,,,,,,,1,,1,,1037,,,,,,,,,,191,,,,,,,,,,,,,,,,,,,,,,,,,,
1,2022,7,20,,,6,,,P,,1,7,,,,,55,,,,,,,,,1,,,,,,,1,,,,,1,,,,,,1,1,,,,,,,1,,,,1,,1037,,24885,,,,,,,,192,,,,,,,,,,,,,,,,,,,,,,,,,,
1,2022,7,21,cloudy-outline,☁️,4,,,,,0,7,,,,,55,,,,,1,,,,1,,,,,,,1,,1,1,,,,,1,,1,1,,,,,,,,1,,,,,,1038,,24889,,,,,,,,191,,,,,,,,,,,,,,,,,,,,,,,,,,
1,2022,7,22,partly-sunny-outline,⛅,5,,,,,23,8,,,,,55,,,,,,,,,,,,,,,,1,,,,,1,1,,,,,1,,1,,,,,,1,,1,,,,1037,,,,,,,,,,,,,,,,,,,,,,,,,,,,,,,,,,,,
1,2022,7,23,rainy-outline,🌧,4,,,,,1,8,,,,,54,,,,,,,,,1,,,,,,,1,,,,,,,,1,,,1,1,,,,1,1,1,1,,,,,,1037,,,,,,,,,,,,,,,,,,,,,,,,,,,,,,,,,,,,
1,2022,7,24,partly-sunny-outline,⛅,,,,,,2,8,,,,,55,,,,,,1,,,1,,,,,,,1,,,1,,,,,,,,1,1,,,,1,,,,,,,,,1036,,,,,,,,,,,,,,,,,,,,,,,,,,,,,,,,,,,,
1,2022,7,25,sunny-outline,☀️️,,,,,,23,7,,,,,54,,,,,1,,,,1,,,,,,,,,,,,,,,,1,,1,,,,,,,,,,,,,,1036,,,,,,,,,,,,,,,,,,,,,,,,,,,,,,,,,,,,
1,2022,7,26,,,,,,,,0,7,,,,,54,,,,,1,1,,,,,,,,,,1,,1,,,,1,,1,,,,,,,,,,,,,,,,,,,,,,,,,,,,,,,,,,,,,,,,,,,,,,,,,,,,,
1,2022,7,27,,,,,,,,0,7,,,,,55,,,,,,1,,,1,,,,,,,1,,1,1,1,,,,,,,,,,,,,,,,,,,,,,,,,,,,,,,,,,,,,,,,,,,,,,,,,,,,,,,,,
1,2022,7,28,sunny-outline,☀️️,2,,,p,h,0,7,,,,,55,,,,,1,1,,,,,,,,,,1,,1,1,,,,,1,,,,,,,,,,1,,,,,1,,,,,,,,,,,,,,,,,,,,,,,,,,,,,,,,,,,,,,
1,2022,7,29,sunny-outline,☀️️,1,,,h,,0,7,,,,,55,,,,,,,,,,,,,,,,,,,,,,,1,,,1,,,,,,,,1,,,,,,,,,,,,,,,,,,,,,,,,,,,,,,,,,,,,,,,,,,,
1,2022,7,30,partly-sunny-outline,⛅,2,,,h,,0,8,,,,,56,,,,,,,,,,,,,,,,,,1,,,,1,1,,,,,,,,,,,,1,,,,,,,,,,,,,,,,,,,,,,,,,,,,,,,,,,,,,,,,,,
1,2022,7,31,rainy-outline,🌧,,,,n,,0,8,,,,,56,,,,,,,,,,,,,,,,,,,,,,,1,,,,1,,,,,,,,1,,,,1,,1035,,,,,,,,,,,,,,,,,,,,,,,,,,,,,,,,,,,,
1,2022,8,1,,,,,,p,,1,7,,,,,55,,,,,,,,,1,,,,,,,1,,,,,,,,,1,,1,,,,,,,,,,,,,,,,,,,,,,,,,,,,,,,,,,,,,,,,,,,,,,,,,,
1,2022,8,2,,,,,,p,,23,7,,,,,55,,,,,1,,,,,,,,,,,1,,,,,,,,,,,1,1,,,,,,,,,,,1,,,,,,,,,,,,,,,,,,,,,,,,,,,,,,,,,,,,,,
1,2022,8,3,,,,,,h,,23,7,,,,,54,,,,,,1,,,1,,,,,,,1,,,,1,1,,,,,,1,,,,,1,,,,,,,1,,,,,,,,,,,,,,,,,,,,,,,,,,,,,,,,,,,,,,
1,2022,8,4,,,,,,b,,0,8,,,,,54,,,,,1,1,,,1,,,,,,,1,,,,,1,,,,,,1,1,,,,,,,,,1,,1,,1039,,,,,,,,,,,,,,,,,,,,,,,,,,,,,,,,,,,,
1,2022,8,5,,,,,,,,0,7,,,,,54,,,,,,,,,,,,,,,,,,,,,1,,,,,,,,,,,,,,,,,,,,,,,,,,,,,,,,,,,,,,,,,,,,,,,,,,,,,,,,
1,2022,8,6,,,,,,,,0,8,,,,,54,,,,,,,,,,,,,,,,1,,,,,,,,,,,,,,,,,,,,,,,,,,,,,,,,,,,,,,,,,,,,,,,,,,,,,,,,,,,,,
1,2022,8,7,,,,,,b,,2,9,,,,,54,,,,,1,1,,,,,,,,,,1,,,,,,,,1,,,,,,,,,,,,,,,,,,,,,,,,,,,,,,,,,,,,,,,,,,,,,,,,,,,,,
1,2022,8,8,thunderstorm-outline,⚡,2,,,b,,0,7,,,,,55,,,,,,,,,,,,,,,,,,,,,,,,,,,,,1,1,,,,,1,,,,,,,,,,,,,,,,,,,,,,,,,,,,,,,,,,,,,,,,,,
1,2022,8,9,thunderstorm-outline,⚡,2,,,i,s,23,7,,,,,55,,,,,,,,,,,,,,,,,,,,,,,,,,,,,1,,,,,,1,,,,,,,,,,,,,,,,,,,,,,,,,,,,,,,,,,,,,,,,,,
1,2022,8,10,rainy-outline,🌧,2,6,,i,b,23,7,,,,,55,,,,,,,,,,,,,,,,,,1,,,,1,,1,,,,,,,,,,,1,,1,,,,,,,,,,,,,,,,,,,,,,,,,,,,,,,,,,,,,,,,
1,2022,8,11,cloudy-outline,☁️,1,4,,i,,23,8,,,,,55,,,,,,,,,,,,,,,,1,,1,,1,1,,,1,,,1,,,,,1,,,,,,,,,,,,,,,,,,,200,,,,,,,,,,,,,,,,,,,,,,,,,,
1,2022,8,12,sunny-outline,☀️️,4,2,,i,p,0,7,,,,,54,,,,,,1,,,1,,,,,,,1,,1,1,,,,,,,1,1,1,,,,,,,,1,1,,,,1041,,25158,,,,,,,,202,,,,,,,,,,,,,,,,,,,,,,,,,,
1,2022,8,13,,,2,,,,,23,7,,,,,54,,,,,,1,,,,,,,,,,,,1,,,,,,,,,,,,,,,,,,,,,,,,,25173,,,,,,,,,,,,,,,,,,,,,,,,,,,,,,,,,,
1,2022,8,14,,,2,,,,,23,7,,,,,54,,,,,,,,,,,,,,,,,,,,,,,,,,,,,,,,,,,,,,,,,,,,,,,,,,,,,,,,,,,,,,,,,,,,,,,,,,,,,
1,2022,8,15,,,2,,,,,23,7,,,,,54,,,,,,,,,,,,1,,,,,,,,,,,,,,,,,,,,,,,,,,,,,,,,,,,,,,,,,,,,,,,,,,,,,,,,,,,,,,,,,
1,2022,8,16,,,2,,,,,23,7,,,,,54,,,,,,1,,,,,,,,,,,,,,,,,,,,,,,,,,,,,,,,,,,,,,,,,,,,,,,,,,,,,,,,,,,,,,,,,,,,,,,
1,2022,8,17,,,2,,,,,23,7,,,,,54,,,,,,1,,,,,,,,,,,,,,,,1,,,,,,,,,,,,,,,,,,,,,,,,,,,,,,,,,,,,,,,,,,,,,,,,,,,,,,,
1,2022,8,18,,,2,,,,,23,7,,,,,54,,,,,1,1,,,,,,,,,,,,1,,,,,,,,,,,,,,,,,1,,,,,,,,,,,,,,,,,,,,,,,,,,,,,,,,,,,,,,,,,,
1,2022,8,19,,,2,,,,,23,7,,,,,54,,,,,,,,,,,,,,,,,,,,,,,,,,,,1,,,,,,,1,1,,,,,,,,,,,,,,,,,,,,,,,,,,,,,,,,,,,,,,,,,
1,2022,8,20,,,3,,,,,23,7,,,,,54,,,,,,,,,,,,,,,,,,,,,,,,,,,,,,,,,,,,,,,,,,,,,,,,,,,,,,,,,,,,,,,,,,,,,,,,,,,,,
1,2022,8,21,,,2,,,h,,1,7,,,,,54,,,,,,,,,,,,,,,,1,,,1,,1,,,,,1,,1,,,,,,,,1,1,,,,,,,,,,,,,,,,,,,,,,,,,,,,,,,,,,,,,,,,
1,2022,8,22,,,2,,,h,p,23,7,,,,,54,,,,,1,,,,,,,,,,,,1,,1,,,,,1,,1,,,,,,1,,,,,,,,,,,,,,,,,,,,,,,,,,,,,,,,,,,,,,,,,,,,,
1,2022,8,23,,,2,,,b,p,0,7,,,,,54,,,,,,,,,,,,,,,,1,1,,,,,,,,,,,,,,,,,,,1,,,,,,,,,,,,,,,,,,,,,,,,,,,,,,,,,,,,,,,,,
1,2022,8,24,,,2,,,b,,0,7,,2,,,,,,,,1,,,,,,,,,,,1,,,1,,1,,,,,,,1,,,,,,,,,,,,,,,,,,,,,,,,,,,,,,,,,,,,,,,,,,,,,,,,,
1,2022,8,25,,,2,,,p,,23,7,,,,,,,,,,,,,,,,,,,,,1,1,,1,,,,,,,,,1,,,,,,,,,,,,,,,,,,,,,,,,,,,,,,,,,,,,,,,,,,,,,,,,,
1,2022,8,26,,,2,,,b,,23,7,,,,,,,,,,,,,,,,,,,,,,,,1,,,,,,,,,1,,,,1,,,,,,,,,,,,,,,,,,,,,,,,,,,,,,,,,,,,,,,,,,,,,
1,2022,8,27,,,2,,,h,,23,7,,,,,,,,,,1,,,,,,,,,,,,,,,,,,,,,,,,1,,,,,,,,,,,,,,,,,,,,,,,,,,,,,,,,,,,,,,,,,,,,,,,,
1,2022,8,28,,,2,,,h,,0,8,,,,,,,,,,,,,,,,,,,,,,1,,,,,,,,,1,,1,1,,,1,,1,,,,,,,,,,,,,,,,,,,,,,,,,,,,,,,,,,,,,,,,,,,
1,2022,8,29,,,2,,,p,h,0,7,,1,,,,,,,,1,1,,,,,,,,,,,1,1,1,1,,,,,,,,1,,,,,,,,,,,,,,,,,,,,,,,,,,,,,,,,,,,,,,,,,,,,,,,,,
1,2022,8,30,,,2,,,p,b,0,7,,,,,,,,,,1,,,,,,,,,,,,,1,1,1,,,,,,,,1,,,,,,,,,,,,,,,,,,,,,,,,,,,,,,,,,,,,,,,,,,,,,,,,,
1,2022,8,31,,,2,,,b,,0,7,,,,,,,,,,,,,,,,,,,,,,,,1,,,,,,,,,,,,,,,,,,,,,,,,,,,,,,,,,,,,,,,,,,,,,,,,,,,,,,,,,,
1,2022,9,1,,,1,,,,,23,7,,,,,54,,,,,,,,,,,,,,,,,,,,,,,,,,,,,,,,,,,,,,,,,,,,,,,,,,,,,,,,,,,,,,,,,,,,,,,,,,,,,
1,2022,9,2,,,1,,,b,,23,7,,,,,54,,,,,,,,,,,1,,,,,1,,,1,,,,,,,,,1,1,,1,,1,,,,,,,,,,,,,,,,,,,,,,,,,,,,,,,,,,,,,,,,,,,,
1,2022,9,3,,,2,,,,,1,8,,,,,54,,,,,,,,,,,,,,,,,,,,,,1,,,1,,,,,,,,,,,,,,,,,,,,,,,,,,,,,,,,,,,,,,,,,,,,,,,,,,,,
1,2022,9,4,sunny-outline,☀️️,1,,,p,,0,7,,,,,54,,,,,1,1,,,,,,,,,,,,,,,,,,,1,,,,,,,,,,1,,,,,,,,,,,,,,,,,,,,,,,,,,,,,,,,,,,,,,,,,,
1,2022,9,5,rainy-outline,🌧,2,,,h,p,23,7,,,,,53,,,,,1,1,,,,,1,,,,,1,,,,,,,,1,,,,,,,,,,,1,1,,,,,,,,,,,,,,,,,,,,,,,,,,,,,,,,,,,,,,,,,
1,2022,9,6,sunny-outline,☀️️,3,,,s,h,1,7,,,,,54,,,,,1,,,,,,,,,,1,,,,,,,,,,,,,1,1,,,,,,1,,,,,,,,,,,,,,,,,,,,,,,,,,,,,,,,,,,,,,,,,,
1,2022,9,7,sunny-outline,☀️️,5,,,n,i,23,7,,,,,54,,,,,1,,,,,,,,,,,,,1,1,,1,,,1,,1,1,1,,1,,,,,1,,,,,,,,,,,,,,,,,,,,,,,,,,,,,,,,,,,,,,,,,,
1,2022,9,8,sunny-outline,☀️️,3,,,i,,23,7,,,,,53,,,,,1,,,,1,,,,,,,,,,,,,1,,,,,1,1,1,,,,,1,1,,,,,,1037,,25307,,,,,,,,215,,,,,,,,,,,,,,,,,,,,,,,,,,
1,2022,9,9,sunny-outline,☀️️,2,,,i,,23,7,,4,,,55,,,,,,,,,,,,,,,,1,1,,,,,,,,,,1,,,,,1,,,1,,,,1,,1036,,25300,,,,,,,,215,,,,,,,,,,,,,,,,,,,,,,,,,,
1,2022,9,10,partly-sunny-outline,⛅,1,,,b,,23,7,,,,,55,,,,,1,1,1,,,,,,,,,,,,,1,,,,,1,1,1,1,,,,,,,1,,,,,,1037,,25295,,,,,,,,216,,,,,,,,,,,,,,,,,,,,,,,,,,
1,2022,9,11,,,1,,,,,0,7,,,,,54,,,,,,,,,,,,,,,,,,,,,,,,,,,,,,,,,,,,,,,,,,,,,,,,,,,,,,,,,,,,,,,,,,,,,,,,,,,,,
1,2022,9,12,,,1,,,,,23,7,,,,,54,,,,,,,,,1,,,,,,,,,,,,,,,,,,,,,,,,,,,,,,,,,,,,,,,,,,,,,,,,,,,,,,,,,,,,,,,,,,,,
1,2022,9,13,,,1,,,,,0,7,,,,,54,,,,,1,,,,,,,,,,,,,,,,,,,,,,,,,,,,,,,,,,,,,,,,,,,,,,,,,,,,,,,,,,,,,,,,,,,,,,,,
1,2022,9,14,,,1,,,,,23,7,,,,,54,,,,,1,1,,,,,,,,,,,,,1,,,,,,,,,1,1,,,,,,1,,,,,,,,,,,,,,,,,,,,,,,,,,,,,,,,,,,,,,,,,,
1,2022,9,15,,,1,,,,,23,6,,,,,53,,,,,1,,,,,,,,,,,,,,,,,,,,,,,,,,,,,,1,,,,,,,,,,,,,,,,,,,,,,,,,,,,,,,,,,,,,,,,,,
1,2022,9,16,,,1,,,,,23,7,,,,,52,,,,,1,1,,,,,,,,,,,,,1,,,,1,,,,,,,,,,,,1,,,,,,,,,,,,,,,,,,,,,,,,,,,,,,,,,,,,,,,,,,
1,2022,9,17,,,1,,,n,,0,7,,,,,53,,,,,1,1,1,,,,,,,,,,,1,,,,1,,,1,,1,1,,,,1,,,1,1,,,,,1038,,,,,,,,,,,,,,,,,,,,,,,,,,,,,,,,,,,,
1,2022,9,18,,,1,,,a,n,0,7,,,,,53,,,,,,,,,,,,,,,,,,1,,,1,,,,1,1,1,1,1,,,,,,1,1,,,,,1038,,25876,,,,,,,,,,,,,,,,,,,,,,,,,,,,,,,,,,
1,2022,9,19,,,1,,,,,0,7,,,,,54,,,,,1,,,,,,,,,,,,,,,,,,,,,,,,,,,,,,,,,,,,1038,,,,,,,,,,235,,,,,,,,,,,,,,,,,,,,,,,,,,
1,2022,9,20,,,1,,,p,,0,7,,,,,54,,,,,1,,,,,,,,,,,,,,,,,,,,,,,,,,,,,,,,,,,,1039,,,,,,,,,,,,,,,,,,,,,,,,,,,,,,,,,,,,
1,2022,9,21,,,1,,,,,0,7,,,,,53,,,,,1,,,,,,,,,,,,,,,,,,,,,,,,,,,,,,1,,,,,,1040,,27414,,,,,,,,270,,,,,,,,,,,,,,,,,,,,,,,,,,
1,2022,9,22,,,1,,,p,h,0,7,,,,,53,,,,,,,,,,,,,,,,,,,1,,,,,,,,,1,1,,1,,1,1,,,,,,,1041,,27832,,,,,,,,286,,,,,,,,,,,,,,,,,,,,,,,,,,
1,2022,9,23,,,1,,,h,,1,7,,,,,54,,,,,,,,,,,,,,,,,,,1,,,,,,,,,,1,,,,,,1,,,,,,,,,,,,,,,,,,,,,,,,,,,,,,,,,,,,,,,,,,
1,2022,9,24,,,1,,,,,0,7,,,,,54,,,,,1,,,,,,,,,,,,,1,,,,,,,,,1,,,,,,,,1,,,,,,,,30267,,,,,,,,333,,,,,,,,,,,,,,,,,,,,,,,,,,
1,2022,9,25,,,1,,,n,,0,7,,,,,54,,,,,1,1,,,,,1,,,,,,,1,1,1,1,1,,,,,1,,,,,1,,,,,,,,,,,30968,,,,,,,,343,,,,,,,,,,,,,,,,,,,,,,,,,,
1,2022,9,26,,,2,,,n,,0,7,,,,,54,,,,,1,,,,,,,,,,,,,,1,1,,,,,,,,,,,,,,,,,,,,,1043,,31113,,,,,,,,358,,,,,,,,,,,,,,,,,,,,,,,,,,
1,2022,9,27,,,2,,,,,1,7,,,,,54,,,,,1,,,,1,,,,,,,,,1,1,,,,,,,,1,,,,,,,,,,,,,,1044,,31255,,,,,,,,359,,,,,,,,,,,,,,,,,,,,,,,,,,
1,2022,9,28,,,,,,,,23,7,,,,,54,,,,,,,,,1,,,,,,,,,,,,,,,,,,,,,,,,,,,,,,,,1044,,31577,,,,,,,,361,,,,,,,,,,,,,,,,,,,,,,,,,,
1,2022,9,29,,,6,,,,,0,7,,,,,,,,,,,,,,1,,,,,,,,,,,,,,,,,,,,,,,,,,,,,,,,,,,,,,,,,,,,,,,,,,,,,,,,,,,,,,,,,,,,
1,2022,9,30,,,6,,,,,0,7,,,,,,,,,,,,,,1,,,,,,,,,,1,,,,,1,,,,1,,,,,,,,,,,,,,,,,,,,,,,,,,,,,,,,,,,,,,,,,,,,,,,,,
1,2022,10,1,,,6,,,,,0,7,,,,,54,,,,,,,,,1,,,,,,,,,,,1,1,,,,,,1,,,,,,,,,,,,,,1044,,33026,,,,,,,,385,,,,,,,,,,,,,,,,,,,,,,,,,,
1,2022,10,2,rainy-outline,🌧,1,,,,,0,7,,,,,54,,,,,1,1,,,,,1,,,,,,,1,,1,,1,,,,1,,,1,,,,,,,,,,,,1044,,,,,,,,,,,,,,,,,,,,,,,,,,,,,,,,,,,,
1,2022,10,3,rainy-outline,🌧,1,,,,,23,7,,,,,54,,,,,,,,,,,1,1,,,,,,1,,1,,,,1,,1,1,1,1,,,1,,,,,,,,,1045,,,,,,,,,,,,,,,,,,,,,,,,,,,,,,,,,,,,
1,2022,10,4,cloudy-outline,☁️,2,,,,,0,7,,,,,55,,,,,1,1,,,1,,,,,,,,,,,,,,,,1,,1,,,,,1,,,,,,,,,1045,,33237,,,,,,,,392,,,,,,,,,,,,,,,,,,,,,,,,,,
1,2022,10,5,,,1,,,,,0,7,,,,,54,,,,,1,,,,1,,1,1,,,,,,,,,,1,,1,1,,1,,,,,,,,,1,,,,,1045,,,,,,,,,,,,,,,,,,,,,,,,,,,,,,,,,,,,
1,2022,10,6,,,1,,,,,23,7,,,,,54,,,,,,,,,,,,1,,,,,,,1,,,,,,,1,1,,,,,,,,,,,,,,1045,,33501,,,,,,,,393,,,,,,,,,,,,,,,,,,,,,,,,,,
1,2022,10,7,,,1,,,,,0,7,,,,,54,,,,,1,1,,,1,,,1,,,,,,,,,,,,,,1,1,,,,,1,,,1,1,1,,,,1045,,33531,,,,,,,,,,,,,,,,,,,,,,,,,,,,,,,,,,
1,2022,10,8,partly-sunny-outline,⛅,1,,,,,0,7,,,,,53,,,,,,1,,,,,,1,,,,,,1,1,1,1,1,,,,1,1,,,,,,,,,1,,,,,1045,,33546,,,,,,,,398,,,,,,,,,,,,,,,,,,,,,,,,,,
1,2022,10,9,,,1,,,,,1,7,,,,,54,,,,,,,,,,,1,1,,,,,,,,,,,1,,,1,,1,,,,,,1,,,,,,,1045,,,,,,,,,,,,,,,,,,,,,,,,,,,,,,,,,,,,
1,2022,10,10,,,1,,,,,0,7,,,,,55,,,,,,1,,,,,1,1,,,,,,,,,,,1,,,1,,1,1,,,,,,,,,,,,1045,,,,,,,,,,,,,,,,,,,,,,,,,,,,,,,,,,,,
1,2022,10,11,,,1,,,,,23,7,,,,,55,,,,,,1,,,,,,1,,,,,,1,,,1,,,1,,,1,,,,,,,,1,,,,,,1045,,,,,,,,,,,,,,,,,,,,,,,,,,,,,,,,,,,,
1,2022,10,12,,,2,,,,,23,7,,,,,54,,,,,1,1,,,1,,,1,,,,,,1,1,,,1,,,,,1,,,,,,,,1,,1,,,,1045,,,,,,,,,,,,,,,,,,,,,,,,,,,,,,,,,,,,
1,2022,10,13,,,2,,,,,23,7,,,,,54,,,,,1,1,,,,,,1,,,,,,1,,,,,,,,,1,,,,,,,,1,1,,,,,1045,,33642,,,,,,,,400,,,,,,,,,,,,,,,,,,,,,,,,,,
1,2022,10,14,,,2,,,,,0,7,,,,,54,,,,,,,,,,,,1,,,,1,,1,1,,,,,,,,1,1,1,,,,1,,1,1,,,1,,1042,,,,,,,,,,,,,,,,,,,,,,,,,,,,,,,,,,,,
1,2022,10,15,,,2,,,,,0,7,,,,,54,,,,,,,,,,,,1,,,,1,,1,1,,,,,,1,1,1,,,,,,,,,1,,,1,,1042,,34087,,,,,,,,411,,,,,,,,,,,,,,,,,,,,,,,,,,
1,2022,10,16,,,5,,,,,0,7,,,,,54,,,,,,,,,,,,1,,,,,,,,,,,,,,,1,,,,,,,,,,,,,,1042,,,,,,,,,,,,,,,,,,,,,,,,,,,,,,,,,,,,
1,2022,10,17,,,2,,,,,23,7,,,,,54,,,,,,,,,,,,1,,,,,,,,,,,,,,,1,,,,,,,,,,,,,,1042,,34192,,,,,,,,414,,,,,,,,,,,,,,,,,,,,,,,,,,
1,2022,10,18,,,,,,n,,0,7,,,,,54,,,,,,,,,,,,1,,,,,,,,,,,,,,,1,,,,,,,,,,,,,,1042,,,,,,,,,,,,,,,,,,,,,,,,,,,,,,,,,,,,
1,2022,10,19,,,,,,n,,0,7,,,,,54,,,,,,,,,,,,1,,,,,,,,,,,,,,,1,,,,,,,,,,,,,,1042,,,,,,,,,,,,,,,,,,,,,,,,,,,,,,,,,,,,
1,2022,10,20,,,,,,n,,23,7,,,,,54,,,,,,,,,,,,1,,,,,,,,,,,,,,,1,,,,,,,,,,,,,,1042,,,,,,,,,,,,,,,,,,,,,,,,,,,,,,,,,,,,
1,2022,10,21,,,,,,n,i,2,7,,,,,54,,,,,,,,,,,,1,,,,,,,,,,,,,,,1,,,,,,,,,,,,,,1042,,,,,,,,,,,,,,,,,,,,,,,,,,,,,,,,,,,,
1,2022,10,22,,,,,,n,i,0,7,,,,,54,,,,,,,,,,,,1,,,,,,,,,,,,,,,1,,,,,,,,,,,,,,1043,,,,,,,,,,,,,,,,,,,,,,,,,,,,,,,,,,,,
1,2022,10,23,,,,,,n,i,0,7,,,,,55,,,,,,,,,,,,1,,,,,,,,,,,,,,,1,,,,,,,,,,,,,,1043,,34807,,,,,,,,428,,,,,,,,,,,,,,,,,,,,,,,,,,
1,2022,10,24,,,,,,n,,23,7,,,,,55,,,,,,,,,,,,1,,,,,,,,,,,,,,,1,,,,,,,,,1,,,,,1043,,,,,,,,,,,,,,,,,,,,,,,,,,,,,,,,,,,,
1,2022,10,25,,,,,,n,,1,7,,,,,55,,,,,,,,,,,,1,,,,,,,,,,,,,1,,1,,,,,,,,,1,,,,,1043,,,,,,,,,,,,,,,,,,,,,,,,,,,,,,,,,,,,
1,2022,10,26,,,,,,n,,1,7,,,,,55,,,,,,,,,,,,1,,,,,,,,,,,,,,,1,,,,,,,,,1,,,,,1043,,,,,,,,,,,,,,,,,,,,,,,,,,,,,,,,,,,,
1,2022,10,27,,,,,,n,,23,7,,,,,55,,,,,1,,,,,,,1,,,,,,,1,,,1,,,1,,1,,,,,,,,,1,,,,,1043,,,,,,,,,,,,,,,,,,,,,,,,,,,,,,,,,,,,
1,2022,10,28,,,,,,n,,0,7,,,,,55,,,,,,,,,,,,1,,,,,,1,,1,1,,,,,,1,,,,,,,,,1,,,,,1043,,,,,,,,,,,,,,,,,,,,,,,,,,,,,,,,,,,,
1,2022,10,29,partly-sunny-outline,⛅,2,,,h,,22,4,,,,,55,,,,,,,,,,,,1,,,,,,,,,,,,,,,,1,1,,,1,,1,,,,,,,1043,,,,,,,,,,,,,,,,,,,,,,,,,,,,,,,,,,,,
1,2022,10,30,cloudy-outline,☁️,2,,,s,,23,6,,,,,55,,,,,,,,,,,,1,,,,,,,,,,,,1,,,,1,1,1,,,1,1,1,1,1,,,,1043,,,,,,,,,,,,,,,,,,,,,,,,,,,,,,,,,,,,
1,2022,10,31,,,,,,,,0,7,,,,,55,,,,,1,,,,,,,1,,,,,,,,,,,,,,,,,,,,,,,,,,,,,1043,,,,,,,,,,,,,,,,,,,,,,,,,,,,,,,,,,,,
1,2022,11,1,,,2,4,,a,i,0,7,,,,,55,,,,,,,,,,,,,,,,,,,,,,,,,,,1,1,1,1,,1,,1,,1,,,,,,,,,,,,,,,,,,,,,,,,,,,,,,,,,,,,,,,,,
1,2022,11,2,,,2,4,,n,i,23,7,,,,,55,,,,,,,,,,,,,,,,,,,,,,,,,,,1,,,,,,,,,1,,,,,,,,,,,,,,,,,,,,,,,,,,,,,,,,,,,,,,,,,
1,2022,11,3,,,2,4,,n,,23,7,,,,,54,,,,,,,,,,,,,,,,,,,,,,,,,,,1,,,,,,,,,1,,,,,,,,,,,,,,,,,,,,,,,,,,,,,,,,,,,,,,,,,
1,2022,11,4,,,2,5,,h,,23,7,,,,,54,,,,,1,,,,,,,1,,,,,,,,,,,,,,,1,,,,,1,,,,1,1,,,,,,,,,,,,,,,,,,,,,,,,,,,,,,,,,,,,,,,,
1,2022,11,5,,,2,5,,h,,0,7,,,,,54,,,,,,1,,,,,,1,,,,,1,1,,,1,1,,,1,1,1,,,,,,,,,1,,1,,,,,,,,,,,,,,,,,,,,,,,,,,,,,,,,,,,,,,,
1,2022,11,6,partly-sunny-outline,⛅,3,5,,h,,0,7,,,,,54,,,,,1,1,,,,,,,,,,,,,,,,,,,,1,1,,1,,,1,,,1,1,,,,,,,,,,,,,,,,,,,,,,,,,,,,,,,,,,,,,,,,,
1,2022,11,7,partly-sunny-outline,⛅,4,,,h,,23,7,,,,,54,,,,,,,,,,,,,,,,,,1,1,1,,,,1,,,1,,,,,,,,1,1,,1,,,,,35658,,,,,,,,441,,,,,,,,,,,,,,,,,,,,,,,,,,
1,2022,11,8,partly-sunny-outline,⛅,5,,,h,,0,7,,,,,54,,,,,1,1,,,1,,1,,,,,,,,,,,1,,1,,,1,,1,1,,,,1,1,1,,1,,,,,,,,,,,,,,,,,,,,,,,,,,,,,,,,,,,,,,,
1,2022,11,9,,,6,,,P,H,0,7,,,,,54,,,,,,,,,,,1,,,,,,,,1,,,,,,,,1,1,1,,1,1,1,,1,1,,,,,,,,,,,,,,,,,,,,,,,,,,,,,,,,,,,,,,,,,
1,2022,11,10,,,7,4,,B,P,2,9,,,,,54,,,,,,,,,,,,1,,,,,,,,,,,,1,,,,,,,,,,,1,1,,,,,,,,,,,,,,,,,,,,,,,,,,,,,,,,,,,,,,,,,
1,2022,11,11,,,8,5,,b,P,1,8,,,,,54,,,,,1,,1,,,,,1,,,,,1,,,1,1,,,,,,1,,,,,1,,,1,1,,,,,,,,,,,,,,,,,,,,,,,,,,,,,,,,,,,,,,,,,
1,2022,11,12,rainy-outline,🌧,6,,,h,,0,8,,,,,54,,,,,,,1,,,,,1,,,,,1,,,,,1,,,1,,1,1,1,,,,,1,1,1,1,,,,,,,,,,,,,,,,,,,,,,,,,,,,,,,,,,,,,,,,
1,2022,11,13,,🌫️,6,,,n,,23,8,,,,,55,,,,,1,1,1,,,,1,1,,,,,,,,1,,,,,,1,1,,,,,1,,,1,1,,,,,,,,,,,,,,,,,,,,,,,,,,,,,,,,,,,,,,,,,
1,2022,11,14,partly-sunny-outline,⛅,3,,,p,,23,7,,,,,55,,,,,,1,1,,,,,,,,,,,1,,,,,,,,,,,,,,,,,,,,,,,,,,,,,,,,,,,,,,,,,,,,,,,,,,,,,,,,,,,
1,2022,11,15,,,4,,,p,h,,,,,,,54,,,,,,,1,1,1,,1,1,,,,,,,,,,,,,,,,1,,,1,1,1,,,1,,1,,,,,,,,,,,,,,,,,,,,,,,,,,,,,,,,,,,,,,,
1,2022,11,16,,,4,,,p,,,,,,,,55,,,,,,,1,1,,,,1,,,,,,,,1,,,,1,,,,,,,,,,,,1,,,,,,,,,,,3,,,,,,,,,,,,,,,,,,,,,,,,,,,,,,
1,2022,11,17,partly-sunny-outline,⛅,4,,,p,h,,,,,,,55,,,,,,,1,1,,,,1,,,,,,,,,,,,,,,,1,,,,,,,,,,1,,,1042,,36417,,,,6,,,,453,,,,,,,,,,,,,,,,,,,,,,,,,,
1,2022,11,18,,,3,,,,,1,8,,,,,55,,,,,1,1,1,1,,,,1,,,,,,,,1,,1,,1,1,1,,,,,,,,,,1,,1,,,,,,,,,9,,,,,,,,,,,,,,,,,,,,,,,,,,,,,,
1,2022,11,19,sunny-outline,☀️️,2,3,,h,,0,7,,,,,55,,,,,,1,1,,,,,1,,,,,1,1,,,,,,,,1,,1,1,1,,1,,,,,,1,,,,,36485,,,,9,,,,455,,,,,,,,,,,,,,,,,,,,,,,,,,
1,2022,11,20,,,5,2,,b,,,,,,,,55,,,,,,1,1,1,,,,1,,,,,1,,,,,,,1,,1,,1,1,1,,,,1,,,,,,,,,,,,,12,,,,,,,,,,,,,,,,,,,,,,,,,,,,,,
1,2022,11,21,cloudy-outline,☁️,5,2,,h,p,,,,,,,55,,,,,,1,1,1,,,,1,,,,,,1,,,,,,,,,1,,,,,,,,,,,,,,,,36521,,,,19,,,,457,,,,,,,,,,,,,,,,,,,,,,,,,,
1,2022,11,22,cloudy-outline,☁️,6,3,,n,,11,7,,,,,55,,,,,1,1,,,1,,1,1,,,,,,,,,1,1,,,1,,,1,,,,,1,,,,,,,,,,36548,,,,21,,,,459,,,,,,,,,,,,,,,,,,,,,,,,,,
1,2022,11,23,,,6,4,,n,,,,,,,,54,,,,,,1,1,1,,,,1,,,,,,,,,,,,,,,,,,,,,,,,,,1,,,,,,,,,22,,,,,,,,,,,,,,,,,,,,,,,,,,,,,,
1,2022,11,24,,,5,4,,n,,,,,,,,55,,,,,,1,1,1,,,1,1,,,,,,,,,,,,,,,,1,,,,,,,,,,1,,,1044,,36735,,,,26,,,,472,,,,,,,,,,,,,,,,,,,,,,,,,,
1,2022,11,25,,,4,4,,p,n,,,,,,,55,,,,,,1,,,,,,1,,,1,,,,,1,1,1,,1,,1,1,1,,1,,1,,,,,1,1,,,,,,,,,,,,,472,,,,,,,,,,,,,,,,,,,,,,,,,,
1,2022,11,26,partly-sunny-outline,⛅,5,3,,h,,,,,,,,54,,,,,1,1,1,1,,,1,1,,,,,,,,,,,,,,1,1,,,,,,,,,,,,,,,,,,,,,,,,473,,,,,,,,,,,,,,,,,,,,,,,,,,
1,2022,11,27,partly-sunny-outline,⛅,5,4,,h,,0,8,,,,,54,,,,,,,1,,,,,,,,,,,1,,,,,,,,,,,,1,,,,,,,,,,,1043,,36970,,,,,,,,474,,,,,,,,,,,,,,,,,,,,,,,,,,
1,2022,11,28,rainy-outline,🌧,2,5,,h,p,,,,,,,54,,,,,,1,,,,,,,,,,,,,,,,1,,1,,,,,,,,,,,,,,,,,,,,,,,0,,,,473,,,,,,,,,,,,,,,,,,,,,,,,,,
1,2022,11,29,cloudy-outline,☁️,2,5,,b,,,,,,,,54,,,,,1,1,1,1,,,,,,,,,,,,1,1,,,,,,,,,,,,,,,,,1,,,,,,,,,0,,,,473,,,,,,,,,,,,,,,,,,,,,,,,,,
1,2022,11,30,partly-sunny-outline,⛅,2,5,,p,n,,,,,,,54,,,,,,,1,1,,,,1,,,,,,,,,,,,1,,,,,,,,,,,,,,,,,,,,,,,2,,,,,,,,,,,,,,,,,,,,,,,,,,,,,,
1,2022,12,1,cloudy-outline,☁️,2,5,,p,h,23,7,,,,,54,,,,,1,1,1,,,,,1,,,,,1,,,,,,,1,1,,1,,,,,,,,1,1,,1,,,,,,,,,3,,,,,,,,,,,,,,,,,,,,,,,,,,,,,,
1,2022,12,2,sunny-outline,☀️️,2,4,,n,p,23,8,,,,,54,,,,,,,1,,,,,1,,,,,,,,,,1,,,1,,1,,,1,,,,,,,,1,,,,,37059,,,,3,,,,477,,,,,,,,,,,,,,,,,,,,,,,,,,
1,2022,12,3,snow-outline,❄️,2,4,,h,,3,8,,,,,54,,,,,1,1,,,1,,1,1,,,,,1,,1,,,,,,,,,1,1,,,1,1,,,,,1,,,,,,,,,3,,,,,,,,,,,,,,,,,,,,,,,,,,,,,,
1,2022,12,4,cloudy-outline,☁️,2,4,,h,,0,8,,,,,53,,,,,,,,,,,,1,,,,,,1,1,,,,1,1,,,,,1,,,,,,,1,,,,,,,,,,,6,,,,505,,,,,,,,,,,,,,,,,,,,,,,,,,
1,2022,12,5,cloudy-outline,☁️,2,4,,h,,0,8,,,,,54,,,,,,,,,,,,1,,,,,,,,1,,,,,,,1,,,,,,,,,1,,,,,,,,,,,8,,,,506,,,,,,,,,,,,,,,,,,,,,,,,,,
1,2022,12,6,partly-sunny-outline,⛅,2,5,,h,p,1,7,,,,,54,,,,,,,,,,,,1,,,,,,,,,,1,,,,,1,,,,,,,,,,,,,,,,37088,,,,9,,,,509,,,,,,,,,,,,,,,,,,,,,,,,,,
1,2022,12,7,partly-sunny-outline,⛅,2,3,,h,p,,,,,,,54,,,,,,,,,,,,1,,,,1,,1,,,,,,,,,1,,,,,,,,1,1,,1,,,,,,,,,9,,,,,,,,,,,,,,,,,,,,,,,,,,,,,,
1,2022,12,8,partly-sunny-outline,⛅,5,4,,h,p,,,,,,,54,,,,,,,1,1,,,,1,,,,1,,1,,1,1,,,1,,,1,,,1,,,,,1,1,,,,,,,,,,,11,,,,,,,,,,,,,,,,,,,,,,,,,,,,,,
1,2022,12,9,partly-sunny-outline,⛅,8,6,,p,,1,8,,,,,54,,,,,,,,,,,,1,,,,,,1,,,,,1,,,,1,1,,1,,,,,,,,1,,,1044,,37127,,,,15,,,,514,,,,,,,,,,,,,,,,,,,,,,,,,,
1,2022,12,10,,,5,5,,h,p,,,,,,,54,,,,,,1,1,1,,,,1,,,,,,1,,,,1,,1,,,1,1,,1,,,,,,,,,,,,,,,,,36,,,,,,,,,,,,,,,,,,,,,,,,,,,,,,
1,2022,12,11,partly-sunny-outline,⛅,5,5,,h,p,,,,,,,54,,,,,,,,,,,,1,,,,,,,,1,1,,,,,,,1,,,,1,1,1,,1,,1,,,,,,,,,,,,,,,,,,,,,,,,,,,,,,,,,,,,,,,
1,2022,12,12,cloudy-outline,☁️,5,6,,b,,3,9,,,,,56,,,,,,,1,,,,,1,,,,,,,,1,,,,1,1,,1,,,,,,,,1,1,,1,,,1044,,37140,,,,70,,,,522,,,,,,,,,,,,,,,,,,,,,,,,,,
1,2022,12,13,cloudy-outline,☁️,8,3,,,,0,9,,,,,55,,,,,,,,,,,,1,,,,,,,,1,,1,,,,,1,1,1,,,,,1,,,,1,,,,,37145,,,,78,,,,522,,,,,,,,,,,,,,,,,,,,,,,,,,
1,2022,12,14,,,,4,,,,0,7,,2,,,57,,,,,,,,,,,,1,,,,,,,,,,,,1,,,1,1,1,,,1,,1,1,1,,,,,,,,,,,,,,,,,,,,,,,,,,,,,,,,,,,,,,,,,
1,2022,12,15,,,,4,,n,,2,,,,,,56,,,,,,,1,1,,,,1,,,,,,,,,,,,,,,,,,,,,,,,,,,,,,,,,,,95,,,,,,,,,,,,,,,,,,,,,,,,,,,,,,
1,2022,12,16,,,,4,,a,n,,,,,,,56,,,,,,,1,1,,,1,1,,,,,,,,,,,,,,,1,,,,,,,,,,,,,,,,,,,,,,,,,,,,,,,,,,,,,,,,,,,,,,,,,,
1,2022,12,17,,,4,5,,p,,,,,,,,55,,,,,,,1,1,,,,1,,,,,,1,,,,1,,1,1,1,1,,,,,,,,1,1,,,,,,,,,,,114,,,,,,,,,,,,,,,,,,,,,,,,,,,,,,
1,2022,12,18,,,2,4,,p,h,,,,,,,55,,,,,,,1,1,,,,1,,,,,,1,,,1,,,1,,,1,,,1,,,,,,1,,1,,,,,,,,,,,,,,,,,,,,,,,,,,,,,,,,,,,,,,,
1,2022,12,19,,,3,5,,h,,,,,,,,55,,,,,,,,,,,,1,,,,,,1,,,,,,1,,,1,1,,,,,,,1,1,,,,,,,,,,,123,,,,523,,,,,,,,,,,,,,,,,,,,,,,,,,
1,2022,12,20,,,,,,,,,,,,,,55,,,,,,,,,,,,1,,,,,,,,,,,,,,,,,,,,,,,,,,,,,,,,,,,,,,,,,,,,,,,,,,,,,,,,,,,,,,,,,
1,2022,12,21,,,,,,,,,,,,,,56,,,,,,,,,,,,1,,,,,,,,,,,,,,,,,,,,,,,,,,,,,,,,,,,,,,,,,,,,,,,,,,,,,,,,,,,,,,,,,
1,2022,12,22,,,,,,,,,,,,,,55,,,,,,,,,,,,1,,,,,,,,,,,,,,,,,,,,,,,,,,,,,,,,,,,,,,,,,,,,,,,,,,,,,,,,,,,,,,,,,
1,2022,12,23,,,,,,,,,,,,,,55,,,,,,,,,,,,1,,,,,,,,,,,,,,,,,,,,,,,,,,,,,,,,,,,,,,,,,,,,,,,,,,,,,,,,,,,,,,,,,
1,2022,12,24,,,,,,,,,,,,,,55,,,,,,,1,1,,,,1,,,,,,,,,,,,,,,,,,,,,,,,,,,,,,,,,,,,,,,,,,,,,,,,,,,,,,,,,,,,,,,,,
1,2022,12,25,,,,,,,,,,,,,,55,,,,,,,1,1,,,,1,,,,,,,,,,,,,,,,,,,,,,,,,,,,,,,,,,,,,,,,,,,,,,,,,,,,,,,,,,,,,,,,,
1,2022,12,26,,,,,,,,,,,,,,55,,,,,1,,,,,,,1,,,,,,,,,,,,,,,,1,,,,1,,,,,,,,,,,,,,,,,,,,,,,,,,,,,,,,,,,,,,,,,,,,,
1,2022,12,27,,,,,,,,,,,,,,55,,,,,,,,,,,,1,,,,,,,,,,,,,,,,,,,,,,,,,,,,,,,,,,,,,,,,,,,,,,,,,,,,,,,,,,,,,,,,,
1,2022,12,28,,,,,,,,,,,,,,54,,,,,,,1,1,,,,1,,,,,,,,,,,,,,,,1,,,,1,,,,,,,,,,,,,,,,,,,,,,,,,,,,,,,,,,,,,,,,,,,,,
1,2022,12,29,,,,,,,,,,,,,,54,,,,,,,,,,,,1,,,,,,,,,,1,,,1,,,1,,,,,,,,,,,,,,,,,,,,,,,,,,,,,,,,,,,,,,,,,,,,,,,,,
1,2022,12,30,,,,,,,,,,,,,,54,,,,,1,,,,,,,1,,,,,,,,,,,,,,,,1,1,1,,1,1,,,,,,,,,,,,,,,,,,,,,,,,,,,,,,,,,,,,,,,,,,,,
1,2022,12,31,,,,,,,,,,,,,,55,,,,,,,,,,,,1,,,,,,,,,,,,,,,,1,1,1,,,,1,,,,,,,,,,,,,,,,,,,,,,,,,,,,,,,,,,,,,,,,,,,
1,2023,1,1,sunny-outline,☀️️,4,5,2,h,n,2,9,7,3,x,7:21,55,,x,w,w,,,1,1,,,1,1,,,,,,,,1,,1,1,1,,1,1,,1,1,,,,1,1,1,,,,,1045,,37236,,,,131,,,,523,,,,,,,,,,,,,,,,,,,,,,,,,,
1,2023,1,2,sunny-outline,☀️️,3,5,2,n,x,0,8,8,x,x,8:30,55,,x,o,8,,,,,,,,1,,,,,,,,,,,,,,,,,1,,,,,,,1,,1,,,1045,,37254,,,,131,,,,528,,,,,,,,,,,,,,,,,,,,,,,,,,
1,2023,1,3,partly-sunny-outline,⛅,3,5,2,n,c,1,7,6,x,x,9:08,54,,US,h,8,,,,,,,,1,,,,,,,,,,,,,,,,,1,,,,,,,,,1,,,,,,,,,,,,,,,,,,,,,,,,,,,,,,,,,,,,,,,
1,2023,1,4,cloudy-outline,☁️,1,5,4,n,c,0,6,6,x,x,4:57,55,,US,t,5,,,1,,,,,1,,,,,,,,,,,,,,,,1,1,,,,1,1,1,1,1,,,,,,,,,,,,,,,,,,,,,,,,,,,,,,,,,,,,,,,,
1,2023,1,5,cloudy-outline,☁️,1,5,6,n,x,0,6,6,x,x,8:00,58,,US,t,9,,,,,,,1,1,,,,,,,1,,,1,,,,1,,,1,1,,,,1,1,1,1,,,,,,,,,,,,,,,,,,,,,,,,,,,,,,,,,,,,,,,,
1,2023,1,6,cloudy-outline,☁️,1,5,7,c,x,0,6,6,x,x,5:34,57,,US,t,8,,,,,,,,1,,,,,,,1,,,,,,,,,,1,,,,,,1,1,,1,,,,,,,,,,,,,,,,,,,,,,,,,,,,,,,,,,,,,,,
1,2023,1,7,partly-sunny-outline,⛅,1,5,6,b,x,0,7,7,x,x,3:44,57,,US,t,8,,,,,,,,1,,,,,,,1,,,,,,,,,1,1,,,,1,1,1,1,,1,,,,,,,,,,,,,,,,,,,,,,,,,,,,,,,,,,,,,,,
1,2023,1,8,cloudy-outline,☁️,1,5,6,c,b,0,7,7,x,x,8:09,57,,US,t,7,,,,,,1,1,1,,,,,,,1,,,1,,,,1,,,1,,,,,,1,1,,,,,,,,,,,,,,,,,,,,,,,,,,,,,,,,,,,,,,,,,
1,2023,1,9,cloudy-outline,☁️,1,5,6,c,x,0,4,4,x,x,7:59,57,,US,t,0,,,,,,,,1,,,,,,,,,,,,,,,,,1,,,,,,,,,1,,,,,,,,,,,,,,,,,,,,,,,,,,,,,,,,,,,,,,,
1,2023,1,10,cloudy-outline,☁️,6,5,5,c,x,23,7,8,x,x,4:16,57,,US,t,0,,,,,,,,1,,,,,,,,,,,,,,,,,1,,,,,,1,1,1,,,,,,,,,,,,,,,,,,,,,,,,,,,,,,,,,,,,,,,,
1,2023,1,11,partly-sunny-outline,⛅,6,5,5,c,x,23,7,8,x,x,11:08,56,,x,h,8,,,,,,,,1,,,,,,,,,,,1,,1,1,,,,,,,,,,1,,,,,,,,,,,,,,,,,,,,,,,,,,,,,,,,,,,,,,,,,
1,2023,1,12,cloudy-outline,☁️,5,5,5,p,x,22,7,9,x,x,14:41,55,,x,o,9,,,1,1,,,,1,,,,,,,,,,1,,1,1,1,,,,,,,,,,1,,1,,,,,,,,,,,,,,,,,,,,,,,,,,,,,,,,,,,,,,,
1,2023,1,13,cloudy-outline,☁️,4,5,5,p,x,23,7,8,x,x,10:53,54,,x,h,8,,,,,,,,1,,,,,,1,,,,,,,,1,1,1,,,,1,,,,1,,1,,,,,,,,,,,,,,,,,,,,,,,,,,,,,,,,,,,,,,,
1,2023,1,14,rainy-outline,🌧,4,5,5,i,c,1,9,8,x,x,11:43,54,,x,w,w,,,,,,,,1,,,,,,,,,,,,1,,,,1,,,,1,,,,1,,1,,,,,,,,,,,,,,,,,,,,,,,,,,,,,,,,,,,,,,,
1,2023,1,15,snow-outline,❄️,4,5,6,i,c,23,8,9,x,x,9:31,55,,x,w,w,,,1,1,,,,1,,,,,,,,,,,,1,,,1,1,,,,1,,,,1,1,,,,,,37296,,,,136,,,,,,,,,,,,,,,,,,,,,,,,,,,,,,
1,2023,1,16,cloudy-outline,☁️,3,5,5,i,c,22,7,9,x,x,13:15,55,,x,h,8,,1,1,1,,1,1,1,,,,,,1,,,,1,,,,1,1,,,,,,,,,1,,,,,,,,,,,,,,,,,,,,,,,,,,,,,,,,,,,,,,,,,
1,2023,1,17,cloudy-outline,☁️,5,5,4,i,c,22,7,9,x,x,8:34,55,,x,h,8,1,1,1,1,,,1,1,,,,,,,,1,,,,,,,,,,,,,,,,,,,,,1042,,37295,,1916,,137,,,,538,,,,,,,,,,,,,,,,,,,,,,,,,,
1,2023,1,18,partly-sunny-outline,⛅,5,4,4,i,p,23,7,8,x,x,14:34,55,,x,h,10,1,1,1,1,,,,1,,,,,,1,,1,,,,,,,,,,,,,,,1,1,1,,,,,,37312,,1915,,137,,,,540,,,,,,,,,,,,,,,,,,,,,,,,,,
1,2023,1,19,cloudy-outline,☁️,7,7,5,h,p,0,7,7,x,x,14:22,55,,x,o,10,,1,1,1,,,,1,,,,,,1,,,,,,1,,,,,,,,,,,1,1,1,1,,,1042,,37311,,1914,,136,,,,540,,,,,,,,,,,,,,,,,,,,,,,,,,
1,2023,1,20,partly-sunny-outline,⛅,3,7,5,n,x,23,7,8,x,x,12:52,55,,x,o,7,,1,1,1,,,,1,,,,,,,,,,1,,1,,1,,,1,,,,,,,1,,,,,,,,,,,,,,,,,,,,,,,,,,,,,,,,,,,,,,,,,
1,2023,1,21,partly-sunny-outline,⛅,3,5,5,i,x,22,7,9,x,x,11:37,55,,x,w,w,1,,1,1,,,1,1,,,,,,,,1,1,,,1,,1,,,,,,,,1,1,1,1,1,,,1041,,,,1911,,,,,,,,,,,,,,,,,,,,,,,,,,,,,,,,
1,2023,1,22,cloudy-outline,☁️,3,4,5,i,x,0,8,8,3,x,11:13,56,,x,w,w,,1,1,1,1,,,1,,,,,,,,,1,,,1,1,1,,1,,,,,,,,1,,,,,1041,,37299,,1912,,136,,,,541,,,,,,,2159,,,,,,,,,,,,,,,,,,,
1,2023,1,23,partly-sunny-outline,⛅,6,4,4,c,x,0,8,8,x,x,6:57,56,,x,f,w,,,1,1,,1,1,1,,,,,,1,,1,,,,1,,1,1,1,,,,1,,,,,,1,,,,,37297,,1915,,136,,,,541,,,,,,,2169,,,,,,,,,,,,,,,,,,,
1,2023,1,24,sunny-outline,☀️️,2,4,5,c,x,23,7,8,x,x,12:25,56,,x,f,1,,,1,1,,,1,1,,,,,,1,,,1,,,1,,,1,,,,,,,,,1,1,,,,1043,,37293,,1914,,138,,,,543,,,,,,,2173,,,,,,,,,,,,,,,,,,,
1,2023,1,25,cloudy-outline,☁️,3,5,5,h,x,0,7,7,x,x,11:36,56,,JP,t,8,,,,,,,,1,,,,,,,1,,,1,,1,,,,1,1,,,,,1,,1,,,,,,,,,,,,,,,,,,,,,,,,,,,,,,,,,,,,,,,,,
1,2023,1,26,cloudy-outline,☁️,3,4,5,b,x,0,7,7,x,x,10:40,57,,JP,t,8,,,,,,,,1,,,,,,,1,,,,,1,,,,,1,,,,,1,,1,,1,,,,,,,,,,,,,,,,,,,,,,,,,,,,,,,,,,,,,,,
1,2023,1,27,partly-sunny-outline,⛅,4,4,4,i,x,1,7,6,x,x,7:00,57,,JP,t,8,,,,,,,,1,,,,,,,1,,,,,1,,,,1,1,,1,,1,1,1,1,,1,,,,,,,,,,,,,,,,,,,,,,,,,,,,,,,,,,,,,,,
1,2023,1,28,partly-sunny-outline,⛅,4,6,5,i,h,1,7,6,x,x,9:05,56,,JP,w,w,,,1,,,,,1,,,,,,,,,,,,1,,,,1,1,,,1,,1,,1,1,1,,,,,,,,,,,,,,,,,,,,,,,,,,,,,,,,,,,,,,,
1,2023,1,29,partly-sunny-outline,⛅,4,5,5,i,b,1,11,10,1,x,13:04,56,,x,w,w,,,1,1,,1,,1,,,,,,,,1,1,,,1,1,1,1,,,,,1,,,1,1,1,,,,,,37287,,,,137,,,,,,,,,,,,,,,,,,,,,,,,,,,,,,
1,2023,1,30,partly-sunny-outline,⛅,3,6,5,h,x,23,6,7,x,x,10:28,57,,x,o,10,,,1,1,,,,1,,,,,,,1,,,1,,1,,1,,,,,,,,1,1,1,,,,,,,37282,,,,137,,,,549,,,,,,,,,,,,,,,,,,,,,,,,,,
1,2023,1,31,cloudy-outline,☁️,4,4,4,c,x,0,7,7,x,x,,56,,x,o,8,,,1,1,,,,1,,,,,,,,,,,,,,1,,,,,,1,,,,,,1,,,,,,,,,138,,,,,,,,,,,,,,,,,,,,,,,,,,,,,,
1,2023,2,1,cloudy-outline,☁️,3,3,5,c,x,23,7,8,x,x,,56,,x,o,8,,,1,,,,,1,,,,,,,,,,,,,,1,,,,,,,,,,,1,1,,,,,,,,,,,,,,,,,,,,,,,,,,,,,,,,,,,,,,,
1,2023,2,2,cloudy-outline,☁️,6,5,6,i,b,23,8,9,x,x,,56,,x,o,9,,,1,,,,,1,,,,,,,,,,,,,,,,,,,,,,,,,,1,,,1043,,37275,,1907,,138,,,,555,,,,,,,2196,,,,,,,,,,,,,,,,,,,
1,2023,2,3,,,,,4,,,,,0,x,x,,57,,x,h,9,,,,,,,,1,,,,,,,,,,,,,,,,,,,,,,,,,,,,,,,,,,,,,,,,,,,,,,,,,,,,,,,,,,,,,,,,,
1,2023,2,4,,,,,4,,,,,0,x,x,,56,,x,w,w,,,1,1,,,,1,,,,,,,,,,,,,,,,,,,,,,,,,,,,,,,,,,,,,,,,,,,,,,,,,,,,,,,,,,,,,,,,,
1,2023,2,5,,,,,4,,,,,0,x,x,,56,,x,w,w,,,,,,,,1,,,,,,,,,,,,,,,,,,,,,,,,,,,,,,,,,,,,,,,,,,,,,,,,,,,,,,,,,,,,,,,,,
1,2023,2,6,,,,,4,,,,,0,x,x,,56,,x,o,10,,,1,,,,,1,,,,,,,,,,,,1,,,,,,,,,,,,,,,,,,,,,,,,,,,,,,,,,,,,,,,,,,,,,,,,,,,,,
1,2023,2,7,,,,,4,,,,,0,x,x,2:11,56,,x,o,9,1,,1,,,,,1,,,,,,,,,,,,,,,,,,,,,,,,,,,,,,,,,,,,,,,,,,,,,,,,,,,,,,,,,,,,,,,,,
1,2023,2,8,,,,,4,,,,,0,x,x,4:37,55,,x,o,8,,,1,,,,,1,,,,,,,,,,,,,,,,,,,,,,,,,,,,,,,,,,,,,,,,,,,,,,,,,,,,,,,,,,,,,,,,,
1,2023,2,9,,,,,4,,,,,0,x,x,3:05,56,,x,o,8,,,,,,,,1,,,,,,,,,,,,,,,,,,,,,,,,,,,,,,,,,,,,,,,,,,,,,,,,,,,,,,,,,,,,,,,,,
1,2023,2,10,,,,,4,,,,,0,x,x,7:08,57,,x,o,6,,,1,1,,,,1,,,,,,,,,,,,,,,,,,,,,,,,,,,,,,,,,,,,,,,,,,,,,,,,,,,,,,,,,,,,,,,,,
1,2023,2,11,,,,,4,,,,,0,x,x,8:05,58,,x,w,w,1,,1,1,,,,1,,,,,,,,,,,,,,1,,,,,,,,,,,,,,,,,,,,,,,,,,,,,,,,,,,,,,,,,,,,,,,,,,,
1,2023,2,12,,,,,4,,,,,0,x,x,11:33,56,,x,w,w,,,,,,,,1,,,,,,,,,,,,1,,1,,,,,,,,,,,,,,,,,,,,,,,,,,,,,,,,,,,,,,,,,,,,,,,,,,,
1,2023,2,13,,,,,4,,,,,0,x,x,11:59,57,,x,o,8,,,1,1,,,,1,,,,,,,,,,,,1,,,,,,,,,,,,,,,,,,,,,,,,,,,,,,,,,,,,,,,,,,,,,,,,,,,,,
1,2023,2,14,,,,,4,n,x,,,0,x,a,11:04,56,,x,o,8,,,,,,,,1,,,,,,,,,,,,1,,,,,,,,,,,,,,,,,,,,,,,,,,,,,,,,,,,,,,,,,,,,,,,,,,,,,
1,2023,2,15,,,,,4,n,s,,,0,x,a,13:30,56,,x,o,8,,,1,,,,,1,,,,,,,,,,,,1,,,,,,,,,,,,,,,,,,,,,,,,,,,,,,,,,,,,,,,,,,,,,,,,,,,,,
1,2023,2,16,,,,,4,h,x,,,0,x,a,13:29,57,,x,o,11,,,1,,,,,1,,,,,,,,,,,,1,,,,,,,,,,,,,,,,,,,,,,,,,,,,,,,,,,,,,,,,,,,,,,,,,,,,,
1,2023,2,17,,,,,4,h,x,,,0,x,a,12:19,57,,x,h,9,1,1,1,1,,,,1,,,,,,,,,,,,,,,,,,,,,,,,,,,,,,,,,,,,,,,,,,,,,,,,,,,,,,,,,,,,,,,,,
1,2023,2,18,,,,3,4,p,x,,,0,x,x,11:19,57,,x,w,w,1,1,1,1,,,,1,,,,,,,,,,,,1,,1,,,,,,,,,,,,,,,,,,,,,,,,,,,,,,,,,,,,,,,,,,,,,,,,,,,
1,2023,2,19,,,,3,5,p,x,,,0,x,x,10:19,57,,x,w,2,,1,1,1,,,,1,,,,,,,,,,,,1,,1,,,,,,,,,,,,,,,,,,,,,,,,,,,,,,,,,,,,,,,,,,,,,,,,,,,
1,2023,2,20,,,5,4,4,n,x,,,0,x,x,9:13,57,,x,o,8,,,1,1,,,,1,,,,,,,,,,,,,,,,,,,,,,,,,,,,,,,,,,,,,,,,,,,,,,,,,,,,,,,,,,,,,,,,,
1,2023,2,21,,,6,5,3,c,x,,,0,x,x,12:41,57,,x,o,8,,,1,,,,,1,,,,,,,,,,,,,,,,,,,,,,,,,,,,,,,,,,,,,,,,,,,,,,,,,,,,,,,,,,,,,,,,,
1,2023,2,22,,,6,5,3,h,x,0,5,5,x,x,7:00,56,,x,v,w,,,,,,,,1,,,,,,,,,,,,,,,,1,,,,,,,,,,1,,,,,,,,,,,,,,,,,,,,,,,,,,,,,,,,,,,,,,,
1,2023,2,23,,,7,5,3,h,x,0,7,7,x,x,12:35,57,,x,o,8,,,,,,,,1,,,,,,,,,,,,1,,,,,,,,,,,,,,,,,,,,,,,,,,,,,,,,,,,,,,,,,,,,,,,,,,,,,
1,2023,2,24,,,8,3,4,h,x,,,0,x,x,8:01,56,,x,v,w,,,,,,,,1,,,,,,,,,,,,1,,,,1,,,,,,,,,,1,,,,,,,,,,,,,,,,,,,,,,,,,,,,,,,,,,,,,,,
1,2023,2,25,sunny-outline,☀️️,4,4,4,h,x,1,7,6,x,x,10:09,56,,x,w,w,,,,,,1,,1,,,,,,,,,,,,,,1,,1,,,,,,,,,,,,,,,,,1903,,,,,,,,,,,,,,,,,,,,,,,,,,,,,,,,
1,2023,2,26,sunny-outline,☀️️,4,6,4,a,x,0,7,7,x,x,8:09,56,,x,w,w,,,,,,,,1,,,,,,,,,,,,,,1,,1,,,,,,,,,,1,,,,,,,,,,,,,,,,,,,,,,,,,,,,,,,,,,,,,,,
1,2023,2,27,partly-sunny-outline,⛅,2,3,3,h,x,23,7,8,x,x,11:23,56,,x,o,8,,,,,,,1,1,,,,,,,,,,,,,,1,,1,,,,,,,,,,1,,,,,,,,,,,,,,,,,,,,,,,,,,,,,,,,,,,,,,,
1,2023,2,28,cloudy-outline,☁️,2,3,4,h,x,23,7,8,x,x,8:40,56,,x,o,9,,,,,,,,1,,,,,,,,,,,,1,,1,,,,,,,,,,,,,,,,,,,,,,,,,,,,,,,,,,,,,,,,,,,,,,,,,,,
1,2023,3,1,partly-sunny-outline,⛅,4,4,5,h,x,23,7,8,x,x,9:36,56,,x,f,w,,,,,,1,1,1,,,,,,,,,,,,,1,,,1,1,,,1,,1,,,1,1,,,,,,,1906,,,,,,,,,,,,2,,,,,,,,,,,,,,,,,,,,
1,2023,3,2,partly-sunny-outline,⛅,4,4,5,h,x,23,7,8,x,x,12:26,56,,x,v,w,1,1,1,1,,1,1,1,,,,,,,,,,1,,1,,,,1,1,1,,,,1,,,,1,,,,,,1,1916,,144,,,,,,,,,,,,,,,,,,,,,,,,,,,,,,
1,2023,3,3,partly-sunny-outline,⛅,2,5,4,h,n,0,8,8,x,x,8:21,57,,x,v,2,1,,,,,,1,1,,,,,,1,,,,,,1,,,,1,1,,,,1,1,,,1,1,,,,,,1,1922,,150,,,,561,,,,,,1,,,,,,,,,,,,,,,,,,,,
1,2023,3,4,partly-sunny-outline,⛅,7,4,2,i,b,23,9,10,3,x,12:35,56,,x,v,w,,,1,1,,1,,1,,,,,,,,1,,,,,,1,,,,,,,,,,,,,,,1051,,37186,,1923,,150,,,,,,,,,,2,,,,,,,,,,,,,,,,,,,,
1,2023,3,5,partly-sunny-outline,⛅,7,6,4,n,x,23,7,8,x,x,10:11,57,,x,v,w,,,1,,,,,1,,,,,,,,,,1,,1,,1,,1,1,1,,1,1,1,,,1,1,,,1053,,37176,,1918,,150,,,,564,,,,,,1,2202,,,,,,,,,,,,,,,,,,,
1,2023,3,6,sunny-outline,☀️️,6,3,4,c,x,23,9,10,x,x,9:49,57,,x,v,w,,,,,,,,1,,,,,,,,,1,,,,1,1,1,1,1,,,,,1,,,,1,,,,,,,1915,4,150,,,,,,,,,,1,,,,,,,,,,,,,,,,,,,,
1,2023,3,7,partly-sunny-outline,⛅,5,3,3,p,x,23,8,9,x,x,13:04,57,,x,v,w,,1,1,1,,,,1,,,,,,1,,,,,,,,,,,,,,,,,,,,1,,,1053,,37170,,1916,25,152,,,,564,,,,,,,2203,,,,,,,,,,,,,,,,,,,
1,2023,3,8,cloudy-outline,☁️,5,3,3,p,b,23,5,6,x,x,11:08,57,,x,v,w,1,1,1,,1,,,1,,1,,,,1,,,,1,,1,,,1,1,,1,,,,,1,1,,,,,,,,,1917,6,161,,,,,,,,,,3,,,,,,,,,,,,,,,,,,,,
1,2023,3,9,cloudy-outline,☁️,7,3,3,p,x,23,7,8,x,x,13:59,57,,x,h,9,1,,,,,1,,1,,,,,,1,,1,,,,1,,,,,,,,1,,,1,1,,1,,,1053,1,37167,,1917,,166,,,,563,,,,,,,2199,,,,,,,,,,,,,,,,,,,
1,2023,3,10,cloudy-outline,☁️,8,3,3,c,x,23,7,8,x,x,13:24,57,,x,h,9,1,1,1,1,,1,,1,,,,,,,,1,,,,,,,1,,,,,1,,,,1,,,,,,,,,,,,,,,,,,,,,,,,,,,,,,,,,,,,,,,,,
1,2023,3,11,partly-sunny-outline,⛅,7,4,3,h,x,0,8,8,x,x,8:50,56,,x,w,w,,1,1,1,,,,1,1,,,,1,,,1,1,1,1,1,,1,,1,,1,,1,,,,1,,1,,,,1,37163,,1918,,167,,,,563,,,,,,3,2201,,,,,,,,,,,,,,,,,,,
1,2023,3,12,rainy-outline,🌧,6,5,4,n,x,23,7,8,x,x,4:06,56,,x,w,w,,,,,,,,1,,,,,,,,,,,,,,,,,1,,,,1,,,,,1,,,,,,,,,167,,,,,,,,,,,,,,,,,,,,,,,,,,,,,,
1,2023,3,13,cloudy-outline,☁️,5,6,5,c,x,22,7,9,x,x,14:46,55,,x,h,8,,,1,,,,,1,1,,,,,,,,,,,,,1,1,,,,,,,,,1,,,,,,,,,,1,167,,,,,,,,,,,,,,,,,,,,,,,,,,,,,,
1,2023,3,14,partly-sunny-outline,⛅,4,7,4,p,x,23,7,8,1,a,13:52,56,,x,h,9,,1,1,1,,,,1,,,,,,,,,,1,,1,,,,,,,,,,,,,,,,,,,,,,,167,,,,,,,,,,1,,,,,,,,,,,,,,,,,,,,
1,2023,3,15,partly-sunny-outline,⛅,5,7,3,c,x,23,7,8,x,a,12:15,56,,x,h,8,1,1,1,,,,,1,1,,,,,,,,,,,,,,1,,,,,,,,,,,,,,,,,1,,,168,,,,568,,,,,,,,,,,,,,,,,,,,,,,,,,
1,2023,3,16,partly-sunny-outline,⛅,6,6,3,b,x,23,7,8,x,a,11:40,55,,x,h,8,,,,,,,,1,,,,,,,,,,,,,,,,,,,,,,,,,,1,,,1053,1,37156,,1920,,168,,,,569,,,,,,,2203,,,,,,,,,,,,,,,,,,,
1,2023,3,17,partly-sunny-outline,⛅,6,6,3,b,x,0,7,7,x,a,13:16,56,,x,h,7,1,1,1,,,,,1,,,,,,,,,,,,,1,1,,,,,,,,,,1,,,,,,,,,,,,,,,,,,,,,1,,,,,,,,,,,,,,,,,,,,
1,2023,3,18,partly-sunny-outline,⛅,6,5,3,s,b,1,9,8,x,x,10:26,56,,x,w,w,,1,1,,,,,1,,,1,,,1,,1,1,1,,,1,1,,1,1,1,,1,,,,1,,,,,,,,,,,,,,,,,,,,,1,,,,,,,,,,,,,,,,,,,,
1,2023,3,19,partly-sunny-outline,⛅,7,5,3,b,x,1,8,7,x,x,13:21,56,,x,w,w,1,,,,,,,1,,,,,,,,1,1,,,,,1,,,,,,1,,,1,1,,,,,1053,,37161,,1921,,169,,,,571,,,,,,3,2205,,,,,,,,,,,,,,,,,,,
1,2023,3,20,partly-sunny-outline,⛅,7,5,4,c,x,23,7,8,x,x,14:36,56,,x,h,8,1,1,1,,,,,1,,,,,,1,,,,,,,,,,,,,,,,,,1,,,,,,,,,,,,,,,,,,,,,4,,,,,,,,,,,,,,,,,,,,
1,2023,3,21,partly-sunny-outline,⛅,7,6,5,c,x,23,7,8,x,x,14:12,56,,x,h,8,,1,1,,,,,1,,,,,,1,,,,1,,,,,,,,,,,,,,1,1,,,,,1,,,,,,,,,,,,,,,1,,,,,,,,,,,,,,,,,,,,
1,2023,3,22,sunny-outline,☀️️,7,6,5,h,x,23,7,8,x,x,14:52,56,,x,h,9,,,1,,,,,1,,,,,,,,,,,,,,,,1,,,,,,,,1,1,,,,,,,,,,,,,,,,,,,,3,,,,,,,,,,,,,,,,,,,,
1,2023,3,23,cloudy-outline,☁️,8,6,5,n,c,0,7,7,x,x,7:38,55,,x,o,8,,,,,,,,1,,,,,,,,,,,,,,,,,1,,,,,,,1,,1,,,,1,,,,,,,,,,,,,,,1,,,,,,,,,,,,,,,,,,,,
1,2023,3,24,cloudy-outline,☁️,7,5,4,c,x,23,7,8,x,x,14:32,56,,x,h,8,1,1,,,,,,1,,,,,,,,,,,,,,,,,,,,,,,,1,,,,,,,,1,,,,,,,,,,,,,3,,,,,,,,,,,,,,,,,,,,
1,2023,3,25,cloudy-outline,☁️,6,5,4,n,x,23,7,8,x,x,6:47,56,,x,w,w,,,,,,,,1,,,,,,,,,,1,,,,,,,1,1,1,,1,,,1,,1,,,,,,,,,,,,,,,,,,,,,,,,,,,,,,,,,,,,,,,
1,2023,3,26,,,6,5,7,s,n,2,7,5,5,x,11:12,56,,x,w,w,,,,,,,,1,,,,,,,,,,,,1,,,,,,,,1,,,,,,,,,,,,,,,,,,,,,,,,,,,,,,,,,,,,,,,,,,,,,
1,2023,3,27,,,6,6,6,n,x,0,7,7,x,x,14:14,56,,x,h,8,,,,,,,,1,,,,,,,,,,,,,,,,1,,,,1,,,,,,1,,,,,,,,,,,,,,,,,,,4,,,,,,,,,,,,,,,,,,,,
1,2023,3,28,,,6,5,5,c,x,23,7,8,x,x,12:49,56,,x,h,8,1,,,,1,,,1,,,,,,,,,,1,,,,,,,,,1,,1,1,,,,,,,,,,,,,,,,,,,,,,,2,,,,,,,,,,,,,,,,,,,,
1,2023,3,29,sunny-outline,☀️️,6,5,4,h,x,0,7,7,x,x,13:10,56,,x,h,8,1,1,1,1,,,,1,,,,,,,,,,,,,,,,,,,,,,,,,,,,,,,,,,1,,,,,,,,,,,3,,,,,,,,,,,,,,,,,,,,
1,2023,3,30,sunny-outline,☀️️,6,5,4,c,x,23,7,8,x,x,10:52,56,,x,o,8,,1,1,,,,,1,,,,,,,,,,,,,,,,,1,1,,,,,,,,,,,,,,,,,,,,,,,,,,,1,,,,,,,,,,,,,,,,,,,,
1,2023,3,31,sunny-outline,☀️️,6,5,4,c,x,23,7,8,x,x,13:02,56,,x,h,7,,,,,,,,1,,1,,,,,,,,1,,,,,,,,,,,,,,,,,,,,,,1,,1,168,,,,,,,,,,4,,,,,,,,,,,,,,,,,,,,
1,2023,4,1,sunny-outline,☀️️,6,5,4,h,b,0,7,7,x,x,7:28,56,,x,w,w,,,,,,,1,1,,,,,,,,,,,,,,1,,1,1,1,,,,,,,,1,,,,,,,,,171,,,,,,,,,,5,,,,,,,,,,,,,,,,,,,,
1,2023,4,2,sunny-outline,☀️️,6,4,4,h,n,0,7,7,x,x,14:22,56,,x,w,w,,,,,,,1,,,1,,,,,,,,,,1,,1,1,1,1,,,,,,,,,,,,,,,1,,,171,,,,,,1,,,,5,,,,,,,,,,,,,,,,,,,,
1,2023,4,3,sunny-outline,☀️️,5,3,4,c,i,1,7,6,x,x,15:00,56,,x,h,7,,1,,,,,1,1,,,1,,,,,,,,,1,,1,,,,,,,,,,,,,,,,,,,,,171,,,,574,,,,,,4,,,,,,,,,,,,,,,,,,,,
1,2023,4,4,cloudy-outline,☁️,5,5,4,n,i,23,7,8,1,x,16:02,56,,x,o,5,,,,,,,1,1,,,,,,,,,,,,,,,,,,,,,,,,,,1,,,,,,,,1,171,,,,574,,,,,,5,,got info from the french bank,,,,,,,,,,,,,,,,,,
1,2023,4,5,rainy-outline,🌧,2,6,4,n,x,0,7,7,x,x,12:58,56,,x,h,5,,,,,1,,1,1,,1,,,,,,,,1,,,1,1,,,,,,1,,,,,,,,,,,,1,,,171,,,1,580,,,,,,2,,"subscribed to pole, bachata, skate, couldn't go to hamed lunch, people want me to go to the office",,,,,,,,,,,,,,,,,,
1,2023,4,6,cloudy-outline,☁️,8,6,4,p,x,23,7,8,x,x,10:05,55,,x,o,7,1,,,,,,1,1,,1,,,,1,,,1,,,,,,1,,,,,,,,,,,1,,,,,,1,1924,,172,,,,590,4,4,,,,4,,went to the office forced,,,,,,,,,,,,,,,,,,
1,2023,4,7,sunny-outline,☀️️,8,5,4,n,x,1,7,6,x,x,12:00,56,,x,o,7,,,,,,,,1,,1,1,,,1,,,,,,1,,,1,,,,,,,,,,,,,,,1,,,1924,,172,,,,595,1,1,,,,2,2218,,,,,,,,,,,,,,,,,,,
1,2023,4,8,sunny-outline,☀️️,5,5,5,h,x,0,7,7,x,x,6:00,56,,x,w,w,1,,,,,,1,1,,,,,,,,1,,,,1,,1,,1,,,,,1,,,,,1,,,,,,,,,,,,,,,,,,,1,,skateboard 문토,,,,,,,,,,,,,,,,,,
1,2023,4,9,sunny-outline,☀️️,5,6,5,p,h,0,8,8,x,x,3:41,55,,x,w,w,1,1,1,1,1,,1,1,,1,,,,,,1,,1,,1,,1,,1,1,,,,,,,1,,1,,,,,,,,,,,,,,,,,,,2,,climbing,,,,,,,,,,,,,,,,,,
1,2023,4,10,sunny-outline,☀️️,7,4,5,h,x,22,7,9,x,x,14:05,56,,x,o,7,,1,1,,1,,1,1,,1,,,,1,,,,,,1,,1,,,,,,,,,,,,1,,,1057,,37105,,1926,,172,,,1,597,,,,,,2,2219,,,,,,,,,,,,,,,,,,,
1,2023,4,11,rainy-outline,🌧,4,3,4,n,s,0,7,7,x,a,12:14,57,,x,o,7,,,,,,,1,1,,,,,,1,,,,,,1,,,,,,,,,,1,,,,,,,,,,,,,,,,,596,,,,,,1,,"couldn't understand the police, missed a meeting ",,,,,,,,,,,,,,,,,,
1,2023,4,12,cloudy-outline,☁️,8,3,5,b,x,22,7,9,x,a,11:50,56,,x,h,7,1,1,,,1,,1,1,,,,,,1,,,,,,,,,,,,,,,,,,,,,,,,,37097,,1927,,172,,,,596,,,,,,2,2221,,,,,,,,,,,,,,,,,,,
1,2023,4,13,partly-sunny-outline,⛅,7,4,5,b,x,0,7,7,x,a,13:22,56,,x,o,7,,,,,,,,1,,,,,,,,,1,,,,,,,,,,,,,,,,,,,,,,,,,1,,,,,,,1,,,,2,,,,,,,,,,,,,,,,,,,,
1,2023,4,14,partly-sunny-outline,⛅,7,5,6,h,x,0,7,7,x,a,12:55,56,,x,e,7,1,1,1,1,1,,1,1,,,1,,,,,,,,,,,,,1,,,1,,1,,,,,,,,,,,,,,,,,,,,1,,,,1,,"has gone to 놀이터 for first time in a while, and mita club",,,,,,,,,,,,,,,,,,
1,2023,4,15,cloudy-outline,☁️,7,5,5,h,i,6,12,6,x,x,9:42,56,,x,w,w,,,,,,1,1,1,,,,,,,,,,,,,,,,,1,,,,1,1,,,,,,,,,,,,,,,,,,,,,,,1,,movie night with the girls,,,,,,,,,,,,,,,,,,
1,2023,4,16,cloudy-outline,☁️,7,6,5,b,x,4,10,6,x,x,8:12,57,,x,w,w,1,1,1,1,,,1,1,,1,,,,,,1,1,1,,,,,1,1,,,,,,,,1,,1,,,,,,,,2,,,,,599,,,,,,2,,,,,,,,,,,,,,,,,,,,
1,2023,4,17,cloudy-outline,☁️,7,4,5,n,h,21,6,9,x,x,11:55,57,,x,o,10,,,,,,,,1,,1,,,,,1,,,,,,1,,,,,,,,,,,1,,,,,,,,,,,,,,,598,,,,,,,,,,,,,,,,,,,,,,,,,,
1,2023,4,18,rainy-outline,🌧,4,4,4,h,x,21,7,10,x,x,11:09,56,,x,o,7,1,1,,,1,,1,1,,1,,,,,,,,,,,,,,,,,1,,1,,1,,,1,,,,,,,,,,,,,596,,,,,,2,,,,,,,,,,,,,,,,,,,,
1,2023,4,19,sunny-outline,☀️️,5,4,4,h,s,2,7,5,x,x,13:02,55,,x,h,7,,,1,1,1,,1,1,,1,,,,,,,1,1,,1,,,1,1,,,1,,,,,,,1,,,,,,,,,,,,,,,,,,,,,found out that Pakse was having fun with Ahora,,,,,,,,,,,,,,,,,,
1,2023,4,20,cloudy-outline,☁️,2,4,4,c,x,1,7,6,x,x,12:46,55,,x,o,7,,,,,,,,1,,1,,,,,1,,,,,1,,,,,1,,,,,,,,,1,,,1055,,37080,,1934,,176,,,,596,,,708,17,,1,2228,dinner with CAAREA,,,,,,,,,,,,,,,,,,
1,2023,4,21,cloudy-outline,☁️,6,5,5,b,x,23,6,7,x,x,7:33,56,,x,o,8,,,,,,,,1,,1,,,,,,,,,,1,,,,,,,,,,,,,,1,,,,,,,,,,,,,,,,,,,3,,놀이터 1주년 파티 + sul corazon,,,,,,,,,,,,,,,,,,
1,2023,4,22,partly-sunny-outline,⛅,7,3,5,h,p,19,7,12,x,x,10:19,55,,x,w,w,1,1,,,1,,1,1,,,,,,,,1,1,1,,1,1,1,1,1,,,1,,1,1,1,1,,1,,,,,,,,,,,,,,,,,,,1,,Aurora 바늘,,,,,,,,,,,,,,,,,,
1,2023,4,23,cloudy-outline,☁️,8,5,5,c,b,5,10,5,x,x,7:51,55,,x,w,w,,,1,,1,,1,1,,,,,1,,,1,1,,,,,,,1,1,1,,1,,,,1,,,,,,,,,,,,,,,,,,,,,1,,,,,,,,,,,,,,,,,,,,
1,2023,4,24,cloudy-outline,☁️,5,5,5,c,x,23,8,9,x,x,11:43,56,,x,o,8,,1,1,,,,,1,,,,,,,,,,,,,,,,,,,,,1,1,,,,1,,,,,,,,1,,,,,,,,,,,2,,,,,,,,,,,,,,,,,,,,
1,2023,4,25,cloudy-outline,☁️,1,6,4,c,x,1,7,6,x,x,12:45,57,,x,o,7,1,1,1,,,,,1,1,1,,,,,,,,,,,,,,,,,,,,,,,,,,,,,,,,,,,,1,,,,,,,1,,,,,,,,,,,,,,,,,,,,
1,2023,4,26,partly-sunny-outline,⛅,3,4,4,h,x,23,8,9,1,x,9:38,56,,x,h,8,,,,,1,,1,1,,1,,,,,,,1,1,,,,1,1,,,,1,,,,,1,1,,,,,,,,,,,,,,,,,,,,2,,,,,,,,,,,,,,,,,,,,
1,2023,4,27,sunny-outline,☀️️,5,4,3,h,x,0,7,7,x,x,13:13,56,,x,o,9,1,1,1,,,,,1,,1,,,,,,,,,,1,,,1,,,,,,,1,,,,,,,,1,,,,1,,,,,,,1,,20,,1,,,,,,,,,,,,,,,,,,,,
1,2023,4,28,cloudy-outline,☁️,2,5,3,h,x,23,7,8,x,x,8:01,56,,x,o,9,,,,,,,,1,1,,,,,,,,,,,,,,,,,,,1,1,1,,,,1,,,,1,37048,,1926,1,181,,,1,598,,4,860,21,,1,2231,Got drunk at 회식,,,,,,,,,,,,,,,,,,
1,2023,4,29,cloudy-outline,☁️,2,5,3,h,x,0,7,7,x,x,12:08,57,,x,w,w,1,1,,,,,,1,,,,,,,,,,1,,1,,,,,,,,,,,,,,1,,,,,,x,,,,,,,,,,,,,1,,,,,,,,,,,,,,,,,,,,
1,2023,4,30,partly-sunny-outline,⛅,1,3,3,c,x,0,7,7,x,x,10:01,56,,x,w,w,,,,,,,,1,1,,1,,,,,1,,,,1,,,,,,,,1,,,,,,,,,,1,,x,,,,,,,,,,,,,1,,,,,,,,,,,,,,,,,,,,
1,2023,5,1,partly-sunny-outline,⛅,1,3,4,p,x,23,7,8,x,x,13:51,56,,x,f,8,,,,,,,,1,,,,,1,,,1,1,,,1,,1,1,,,,,,,,,,,,,,,2,,x,,1,,,,,,,,,,,1,,,,,,,,,,,,,,,,,,,,
1,2023,5,2,sunny-outline,☀️️,4,3,3,p,n,0,6,6,x,x,7:55,56,,x,o,7,,,1,,1,,1,1,1,1,,,,,,,1,,,,,1,,,,,1,1,1,1,,,,,,,,1,,x,1942,,,,,,,,6,,,,,,not good dance day,,,,,,,,,,,,,,,,,,
1,2023,5,3,sunny-outline,☀️️,3,5,4,p,n,1,6,5,x,x,,57,,x,o,10,1,1,1,,,,,1,1,1,,,,,,,,,,,,1,,,,,,,,1,,,,1,,,1059,1,37091,x,1944,,180,,,,605,,,919,21,,,2235,,,,,,,,,,,,,,,,,,,
1,2023,5,4,cloudy-outline,☁️,4,3,4,b,x,23,7,8,x,x,,57,,x,h,8,,,,,1,,1,1,1,,,,,,,,,1,,,1,,1,,,,,,,,,,,,,,,,37091,,1943,,180,,,,606,,,925,,,,2234,,,,,,,,,,,,,,,,,,,
1,2023,5,5,rainy-outline,🌧,2,2,5,h,x,22,8,10,x,x,,56,,x,f,w,1,1,1,1,,,,,1,,,,1,,,,1,,,,,1,,,1,,,,,,1,1,1,,,,,,,,,,182,,,,,,,,,,,,Cookie time at home with bad girls,,,,,,,,,,,,,,,,,,
1,2023,5,6,rainy-outline,🌧,1,4,5,h,p,1,8,7,x,x,,56,,x,w,w,1,1,,,,,1,1,1,,,,1,,,1,,,,,,1,,,1,,,,1,1,,,,1,,,1060,,37081,,1947,,182,,,,609,,,936,21,,,2233,,,,,,,,,,,,,,,,,,,
1,2023,5,7,,,4,4,4,b,x,23,7,8,x,x,5:06,57,,x,w,w,1,,1,,,1,1,1,1,1,,,1,,,,1,,,,,1,1,1,1,1,,1,,1,,1,,,,,,,37075,,,,181,,,,610,,1,,,,,,,,,,,,,,,,,,,,,,,,
1,2023,5,8,,,2,4,4,p,i,0,7,7,x,x,7:54,58,,x,o,9,1,,,,,,1,1,1,1,,,,,1,,,1,,,,1,,,,,,,,,,,,,,,,,37074,,,,181,,,,609,,,1015,21,,,2234,feeling weird from periods. Weird photographer 교수,,,,,,,,,,,,,,,,,,
1,2023,5,9,,,5,4,4,p,x,23,7,8,x,a,12:40,57,,x,o,7,,,,,,,,1,1,,,,,,,,,,,,,1,1,,,,,,,,1,,,,,,,,37066,,1947,,180,,,,610,,,1029,,,,2232,,,,,,,,,,,,,,,,,,,
1,2023,5,10,sunny-outline,☀️️,4,4,4,n,x,23,6,7,2,a,10:47,57,,x,o,6,,,,,,,1,1,1,1,,1,,1,,,1,,,1,,,,,,,,,,1,,1,,,,,,,,,,,180,,,,609,,,,,,,,Photographe appelle pour 소개팅,,,,,,,,,,,,,,,,,,
1,2023,5,11,sunny-outline,☀️️,4,4,4,n,x,23,6,7,x,a,12:06,57,,x,o,8,,,,,,,,1,1,1,,1,,1,1,,,,,,,1,,,1,,,,1,,,,,,,,,,,,,,181,,,,609,,,,,,,2234,quit insta,,,,,,,,,,,,,,,,,,
1,2023,5,12,sunny-outline,☀️️,4,5,5,c,x,23,6,7,x,x,14:06,56,,x,h,6,1,,1,,,,,1,1,,,,1,,,1,,,,,1,1,,,,,,,,,,,,,,,,,,,,,,,,,,,,,,,,,,,,,,,,,,,,,,,,,,,
1,2023,5,13,sunny-outline,☀️️,4,6,5,p,x,23,7,8,1,x,12:49,56,,x,w,2,1,1,1,,,1,1,1,1,,,,,1,,,,1,,1,1,1,,1,,,,1,,,,1,1,,,,,,,,,,,,,,,,,,24,,,,,,,,,,,,,,,,,,,,,,
1,2023,5,14,sunny-outline,☀️️,3,3,4,c,i,23,7,8,4,x,9:59,55,,x,w,1,,,1,,,,1,1,1,,,,1,,,,,,,1,,1,,1,,,,1,,,,,,,,,1056,,37046,,1947,,180,,,,611,,,1079,24,,,2239,picnic Min + sieste bizarre,,,,,,,,,,,,,,,,,,
1,2023,5,15,sunny-outline,☀️️,3,3,4,h,n,0,7,7,x,x,13:06,55,,x,o,8,1,,,,,,1,1,1,1,,,,,,,,,,,,,1,,,,,,,,,,,,,,,,,,,,,,,,,,,,,,,,,,,,,,,,,,,,,,,,,,
1,2023,5,16,sunny-outline,☀️️,4,5,4,a,s,0,6,6,x,x,11:55,55,,x,o,12,,,,,,,,1,1,1,,,,1,,,,1,,1,,1,,,1,1,,,,1,,,,,,,,,,,,,,,,,,,1,,,,,,Saoulee par manque de travail au taf et long meeting client,,,,,,,,,,,,,,,,,,
1,2023,5,17,sunny-outline,☀️️,4,4,4,c,i,0,6,6,x,x,12:06,56,,x,o,12,,,,,,,,1,1,,,,,1,,,,,,,,,,,1,,,,1,1,,1,,,,,,,,,,,,,,,,,,,26,,,,,,,,,,,,,,,,,,,,,,
1,2023,5,18,rainy-outline,🌧,2,4,4,c,x,0,6,6,x,x,11:21,57,,x,o,8,,,,,,,,1,1,,,,,,1,,,,,1,,1,,,1,,,,,1,1,1,,1,,,,,,,,,,,,,,,,,,,,,,,,,,,,,,,,,,,,,,,
1,2023,5,19,partly-sunny-outline,⛅,1,4,4,i,x,23,4,5,x,x,15:31,56,,x,h,9,,,,,,,1,1,1,,,,,,,,1,,,1,,1,1,,,,,,,,1,,,,,,,,,,,,,,,,,,,,,,,,,,,,,,,,,,,,,,,,,,
1,2023,5,20,partly-sunny-outline,⛅,1,5,5,p,x,23,7,8,x,x,12:08,55,,x,w,w,1,1,1,,,,,1,1,,1,,,,,,1,1,,,1,1,1,,,,,,,,1,1,,,,,1057,,,,,,,,,,,,,,,,,,,,,,,,,,,,,,,,,,,,
1,2023,5,21,cloudy-outline,☁️,1,4,6,n,x,23,7,8,x,x,6:39,56,,x,w,w,,,,,,,,1,1,,,1,,1,,1,1,,,,,1,,,,,,,,,,,,,,,,,,,,,,,,,,,,,,,,,,,,,,,,,,,,,,,,,,,
1,2023,5,22,partly-sunny-outline,⛅,6,5,5,n,a,23,6,7,x,x,14:09,56,,x,o,8,1,1,1,,,,,1,1,,,,,1,,,,,,,,,,,,,,,,1,,1,,,,,,,,,,,,,,,,,,,,,,,double messaging with brazil - angry,,,,,,,,,,,,,,,,,,
1,2023,5,23,sunny-outline,☀️️,4,5,4,n,x,22,6,8,x,x,13:15,56,,x,o,10,,,,,,,,1,1,,,,,1,,,,,,,,,,,1,,,,,,,,,,,,,,,,,,,,,,616,,,,,,,,,,,,,,,,,,,,,,,,,,
1,2023,5,24,sunny-outline,☀️️,2,5,4,n,i,23,7,8,x,x,11:39,56,,x,h,8,1,,1,,,,1,1,1,,,,,,,,1,1,,,,1,,,,,,1,,,,,,,,,,,,,,,,,,,,,,,,,,,,,,,,,,,,,,,,,,,,,
1,2023,5,25,sunny-outline,☀️️,2,6,4,a,x,23,6,7,x,x,12:55,56,,x,o,8,,,,,,,,1,1,,,,,1,,,,,,,,,,,,,,,,,,,,,,,,,,,,,,,,,,,,,,,,,,,,,,,,,,,,,,,,,,,
1,2023,5,26,partly-sunny-outline,⛅,,5,4,h,c,23,7,8,x,x,12:27,56,,x,h,7,1,,1,,,1,1,1,1,,,1,,1,,,,,,1,,,,1,1,,,,1,1,1,,,,,,,,,,,,,,,,,,,,,,,,happy running in the morning,,,,,,,,,,,,,,,,,,
1,2023,5,27,rainy-outline,🌧,1,5,4,n,x,0,6,6,x,x,9:43,57,,x,w,w,1,,,,,,,1,1,,,,,1,,1,,,,,,,,1,,,,1,,,,,,,,,,,,,,,,,,,,,,,,,,,shopping in excess - stressed about colleagues working & planning glamping,,,,,,,,,,,,,,,,,,
1,2023,5,28,rainy-outline,🌧,1,5,5,b,x,0,6,6,x,x,8:14,56,,x,w,w,,,,,,,,1,1,,,1,,1,,,,,,,,,1,,,,,,,,,,,,,,,,,,,,,,,,,,,,,,,,Coded all day 열심히,,,,,,,,,,,,,,,,,,
1,2023,5,29,cloudy-outline,☁️,1,6,5,h,x,1,6,5,x,x,10:15,57,,x,f,w,1,1,,,,,,1,1,,,1,,1,,,,1,,,1,,,1,,,,1,,,,1,,,,,,,,,,,,,,,,,,,,,,,happy walking day and finished a full book,,,,,,,,,,,,,,,,,,
1,2023,5,30,cloudy-outline,☁️,3,3,5,c,x,23,6,7,x,x,9:22,57,,x,o,8,1,,1,,,,,1,1,,,1,,1,,,,,,,,1,1,,,,,,,,1,1,,1,,,1059,,37005,,,,185,,,,619,,,1255,27,,,2246,,,,,,,,,,,,,,,,,,,
1,2023,5,31,cloudy-outline,☁️,3,3,4,c,x,23,6,7,x,x,12:07,57,,x,o,12,,,,,,,1,1,1,,,,,,,,,,,1,,,,,1,1,,1,,1,1,1,,1,,,,,,,,,,,,,,,,,,,,,,,,,,,,,,,,,,,,,,,
1,2023,6,1,cloudy-outline,☁️,4,4,5,c,x,0,6,6,x,x,13:32,58,,x,o,10,1,,1,,,,1,1,1,,,1,,,,,,,,,,,,,1,,,,,,,,,,,,,,,,,,,,,,,,,,,,,,,,,,,,,,,,,,,,,,,,
1,2023,6,2,cloudy-outline,☁️,4,4,5,c,x,23,6,7,4,x,12:30,57,,x,h,7,1,1,,,,,1,1,1,,,1,,,,1,,1,,1,,1,1,1,,,,1,,,1,1,,,,,,,,,,,,,,,,,,,,,,,,,,,,,,,,,,,,,,,,,
1,2023,6,3,partly-sunny-outline,⛅,4,4,5,h,p,23,7,8,2,x,7:27,56,,x,w,2,1,,,,,1,,1,1,,,1,,,,1,,,,,1,,1,1,,,,1,,,1,,,,,,,,37027,,,,,,,,620,,,,,,,2244,,,,,,,,,,,,,,,,,,,
1,2023,6,4,sunny-outline,☀️️,2,5,5,h,x,0,5,5,x,x,5:00,56,,x,w,w,,,,,,,1,1,1,,,,,,,,,,,,,,,1,1,1,,,,1,,,,,,,,,,,,,,,,,,,,,,,,,Arrivee Lisa&Ana,,,,,,,,,,,,,,,,,,
1,2023,6,5,partly-sunny-outline,⛅,2,6,6,h,x,23,5,6,x,x,3:33,57,,KR,v,w,,,,,,,1,1,,,,,,,,,,,,,,,,1,1,1,,1,1,1,,,,,,,,,,,,,,,,,,,,,,,,,Busan caravan,,,,,,,,,,,,,,,,,,
1,2023,6,6,sunny-outline,☀️️,2,7,6,h,i,2,7,5,1,x,4:16,57,,KR,f,w,1,,1,,,1,1,1,1,,,,,,,,,,,,,,,1,1,1,,1,,1,,,1,,,,,,,,,,,,,,,,,,,,,,Busan Haeundae,,,,,,,,,,,,,,,,,,
1,2023,6,7,cloudy-outline,☁️,4,4,5,h,x,0,6,6,1,x,9:33,57,,x,o,8,,,,,,,,1,,,,,,,,,,,,,,,,1,1,,,,,1,,,,,,,,,,,1940,,,,,,621,,,,,,,2243,,,,,,,,,,,,,,,,,,,
1,2023,6,8,cloudy-outline,☁️,2,5,5,c,x,0,6,6,x,x,9:40,57,,x,o,8,,,,,,,,1,,,,1,,,,,,,,,,,,1,1,,1,1,1,1,,,,,,,,,,,,,,,,,,,,,,,,,,,,,,,,,,,,,,,,,,,
1,2023,6,9,partly-sunny-outline,⛅,2,6,5,n,x,4,11,7,x,x,5:38,58,,x,h,3,,,,,,,,1,,,,,,,,,,1,,,,,,1,1,1,,,,1,,,,1,,,,,,,,,,,,,,,,,,,,,,,,,,,,,,,,,,,,,,,
1,2023,6,10,cloudy-outline,☁️,2,4,5,n,x,0,9,9,x,x,3:01,58,,x,w,w,,,,,,,,1,,,,,,,,,,,,,,1,,1,1,1,,,1,1,,1,,,,,,,,,,,,,,,,,,,,,,,,,,,,,,,,,,,,,,,,,
1,2023,6,11,sunny-outline,☀️️,2,4,5,p,c,0,5,5,2,x,8:27,59,,x,w,w,,,,,,1,,1,,,,1,,,,1,,,,,1,1,,1,,,,,,,,,,,,,,,,,,,,,,,,,,,,,,,,,,,,,,,,,,,,,,,,,
1,2023,6,12,partly-sunny-outline,⛅,2,4,4,c,x,22,6,8,x,x,13:31,58,,x,o,9,1,1,,,,,1,1,,,1,1,,,,,,,,1,,,,,,,,,,,1,1,,,,,,,37009,,,,,,,,624,,,,,,,,Decision to start comics,,,,,,,,,,,,,,,,,,
1,2023,6,13,,,2,4,4,n,a,23,6,7,x,x,15:07,57,,x,o,8,,1,,,,,,1,1,,1,,,,,,,,,,,,,,,,,,,,,1,,,,,,,,,,,,,,,,,,,,,,,asked what projects I work on ?,,,,,,,,,,,,,,,,,,
1,2023,6,14,,,2,5,4,p,x,23,6,7,x,x,16:10,57,,x,o,8,1,,1,,,,,1,1,,1,,,,,,,,,1,,,,,,,1,,1,,1,,,1,,,,,,,,,,,,,,,,,,,,,out drinking with girls / lost in life,,,,,,,,,,,,,,,,,,
1,2023,6,15,,,3,6,4,b,x,0,6,6,x,x,14:45,57,,x,h,8,1,,,,,,,1,1,,1,,,,,,,1,,1,,,,,,,,,,,1,1,,,,,,,,,,,,,,,,,,,,,,,,,,,,,,,,,,,,,,,,,
1,2023,6,16,,,4,3,4,n,a,0,6,6,x,x,7:49,57,,x,o,11,,,,,,,,1,1,,1,,,,,,,,,1,,,,,,,,,,,,,,,,,1064,,36998,,,,,,,,625,,,,,,,2246,"meetings delayed , had to stay at work and nothing when according to the plan",,,,,,,,,,,,,,,,,,
1,2023,6,17,,,3,4,5,b,x,23,7,8,x,x,8:46,57,,x,w,w,1,1,1,,,,,1,1,,1,,,,,,,,,,,1,,1,,,,,,1,1,,,,,,,,,,,,,,,,,,,,,,,,Picnic with the girls - bored,,,,,,,,,,,,,,,,,,
1,2023,6,18,,,3,4,6,p,x,0,7,7,x,x,15:05,58,,x,w,w,1,,1,,,,,1,1,1,1,,,1,,,,,,1,,1,,,,,,,,,1,,,,,,,,,,,,,,,,,,,,,,,,fully into comics - First pan,,,,,,,,,,,,,,,,,,
1,2023,6,19,,,4,4,5,s,x,23,6,7,x,x,15:40,57,,x,o,9,1,,,,,,,1,1,1,1,,,,,,,,,,,1,,,,,,,,,1,1,,,,,,,,,,,,,,,,,,,,,,,"Don't feel good in my job, quit all salsa chats, End Macondo",,,,,,,,,,,,,,,,,,
1,2023,6,20,,,2,4,5,n,x,0,6,6,x,x,12:22,57,,x,o,8,,,,,,,1,1,1,,1,,,,,,,,,,,,,,,,,,,,,,,,,,,,36980,,,,,,,,627,,,,,,,2241,,,,,,,,,,,,,,,,,,,
1,2023,6,21,,,4,4,4,c,x,0,6,6,x,x,10:29,57,,x,h,6,,,1,,,,,1,1,,1,,,,,,,1,,1,,1,,,,,,,,,,,,,,,,,,,,,,,,,,,,,,,,,,,,,,,,,,,,,,,,,,,
1,2023,6,22,,,4,4,4,n,x,0,6,6,x,x,9:01,57,,x,o,9,1,,,,,,,1,,,1,,,,1,,,,,,,,,1,1,,,,1,1,,,,1,,,,,,,,,,,,,,,,,,,,,,,,,,,,,,,,,,,,,,,
1,2023,6,23,partly-sunny-outline,⛅,6,5,4,n,x,0,7,7,1,x,15:53,57,,x,h,12,1,1,1,1,,,,1,,,1,,,,,,,,,1,,,,,,,,,,,,1,,,,,,,,,,,,,,,,,,,,,,,Travaille jusqu'a 21h deadlines,,,,,,,,,,,,,,,,,,
1,2023,6,24,partly-sunny-outline,⛅,2,5,4,p,x,0,7,7,2,x,11:06,56,,x,w,w,1,,1,1,,,,1,1,,1,1,,,,1,,,,1,,1,1,,,,,,,,1,1,,,,,,,,,,,,,,,,,,,,,,,,,,,,,,,,,,,,,,,,,
1,2023,6,25,cloudy-outline,☁️,2,6,4,p,x,23,7,8,x,x,13:23,56,,x,w,w,1,,,,,,,1,1,,,1,,,,,,1,,1,1,,1,,,,,,,1,1,,,,,,,,,,,,,,,,,,,,,,,,,,,,,,,,,,,,,,,,,,
1,2023,6,26,rainy-outline,🌧,1,4,3,n,x,0,6,6,x,x,12:39,57,,x,o,8,1,,,,,,,1,1,1,1,1,,,,,,,,1,,,,,1,,,,,1,1,1,1,,,,,,,,,,,,,,,,,,,,,,pole dance improductif - coding productif+ got news have to leave the appartment,,,,,,,,,,,,,,,,,,
1,2023,6,27,cloudy-outline,☁️,1,6,4,n,i,0,6,6,x,a,12:39,57,,x,o,12,,,,,,,,1,1,,,1,,,,,,,,1,,,1,,,,,,,,,1,,,,,,,,,,,,,,,,,,,,,,,Trop travaille + mal au crane,,,,,,,,,,,,,,,,,,
1,2023,6,28,cloudy-outline,☁️,4,3,3,p,x,23,7,8,x,a,13:41,57,,x,h,10,,,,,,,,1,1,,,1,,,,,,1,,1,,,1,,,,,,,,,1,,,,,,,,,,,,6,1,,627,,,,,,,,busy at work + productive app / not productive body created gingeronpaper,,,,,,,,,,,,,,,,,,
1,2023,6,29,cloudy-outline,☁️,5,4,3,p,h,23,6,7,x,a,13:00,57,,x,o,10,1,,,,,,,1,,,1,,,,,,,,,,,,,,1,,,,,1,,,,,,,,,,,,,,,3,,,,,,,,,,got news that Im keeping the appartment,,,,,,,,,,,,,,,,,,
1,2023,6,30,cloudy-outline,☁️,2,3,3,h,x,23,7,8,2,x,15:35,57,,x,h,4,1,1,1,1,,1,,1,,,1,1,,,,,,,,1,,,1,,,,,,,,,1,,,,,,,,,,,,,,,,,,,,,,,"good day, woke up happy",,,,,,,,,,,,,,,,,,
1,2023,7,1,partly-sunny-outline,⛅,1,3,4,p,h,0,7,7,x,x,12:29,57,,x,w,w,1,1,1,,,,,1,1,,,1,,,,,,,,1,,1,1,,,,,,,,1,1,,,,,,,,,,,,,,,,,,,,,,,,,,,,,,,,,,,,,,,,,
1,2023,7,2,cloudy-outline,☁️,2,3,5,p,h,0,7,7,x,x,17:22,56,,x,w,w,1,1,1,,,,,1,1,,,1,,,,,,,,1,,1,1,,,,,,,,1,1,1,,,,,,,,,,,,8,,,,,,,,,,,,,,,,,,,,,,,,,,,,
1,2023,7,3,partly-sunny-outline,⛅,3,3,4,p,b,0,6,6,x,x,14:47,56,,x,o,9,1,,,,,,1,1,1,1,,,,,,,,,,1,,,1,,,,,,,1,,,,1,,,,,,,,,,,9,,,,,,,,,,,,,,,,,,,,,,,,,,,,
1,2023,7,4,rainy-outline,🌧,5,4,4,c,b,23,6,7,x,x,15:27,57,,x,o,9,,,,,,,,1,1,1,,1,,,,,1,1,,1,,,1,,,,,,,,,,,,,,,,,,,,,,,,,,,,,,,,received package,,,,,,,,,,,,,,,,,,
1,2023,7,5,cloudy-outline,☁️,2,2,4,c,x,23,7,8,x,x,15:10,57,,x,o,9,,,,,,,,1,,,1,1,,,,,,,,,,,1,,,,,,,,,,,,,,,,,,,,,,,,,,,,,,,,,,,,,,,,,,,,,,,,,,
1,2023,7,6,partly-sunny-outline,⛅,4,2,4,p,h,0,6,6,x,x,14:14,57,,x,o,10,,,,,,,,1,1,1,1,1,,,,,,,,1,,1,1,,,,,,,1,,,,,,,,,,,,,,,,,,,,,,,,,,,,,,,,,,,,,,,,,,,
1,2023,7,7,cloudy-outline,☁️,5,5,4,p,i,0,6,6,x,x,12:07,57,,x,h,9,1,,,,,,,1,1,,1,1,,,,,,,,1,1,,1,,,,,,,,1,1,,,,,,,,,,,,,,,,,,,,,,,,,,,,,,,,,,,,,,,,,
1,2023,7,8,partly-sunny-outline,⛅,1,3,4,p,x,23,6,7,x,x,10:59,56,,x,w,3,1,1,1,,,,,1,1,,,1,,,,1,1,1,,,1,,1,1,,,,,,1,1,,,,,,,,,,,,193,,,,,,,,,,,,,,,,,,,,,,,,,,,,,,
1,2023,7,9,cloudy-outline,☁️,1,3,4,p,x,20,7,11,x,x,15:24,57,,x,w,w,1,1,1,,,,,1,,,1,,,,,1,,,,,,,1,,,,,,,,,1,1,,,,,,36944,,,,,,,,,,,,,,,,,,,,,,,,,,,,,,,,,,
1,2023,7,10,rainy-outline,🌧,5,4,5,i,x,23,6,7,x,x,14:05,57,,x,o,10,,,,,,,,1,1,,,1,,,,,,,,1,,,1,,,,,,,,,,1,,,,,,36957,,,,194,,9,,627,,,,,,,,,,,,,,,,,,,,,,,,,,
1,2023,7,11,cloudy-outline,☁️,5,5,6,c,x,21,6,9,x,x,15:15,56,,x,o,10,,,,,,,,1,1,,,1,,,,,,,,1,,,1,,,,,,,,,,1,,,,,,,,,,195,,,,,,,,,,,,,,,,,,,,,,,,,,,,,,
1,2023,7,12,cloudy-outline,☁️,2,5,7,b,x,21,6,9,x,x,11:59,57,,x,o,9,,,,,,,1,1,1,,,1,,,,,,,,,,,1,1,,,,,,1,,,1,1,,,,,,,,,,,,,,,,,,,,,Hangang with Haesol,,,,,,,,,,,,,,,,,,
1,2023,7,13,rainy-outline,🌧,4,6,7,b,x,23,6,7,x,x,14:09,57,,x,o,9,1,1,1,1,,,,1,1,,1,,,,,,,,,,,,1,,,,,,,,1,,,1,,,,,36944,,,,,,9,,627,,,,,,,,,,,,,,,,,,,,,,,,,,
1,2023,7,14,rainy-outline,🌧,1,4,6,c,x,23,7,8,x,x,13:06,57,,x,h,3,1,,,,,,,1,1,,1,,,,,,,1,,,1,,1,,,,,1,,,1,1,1,,,,,,,,,,,,,,,,,,,,,,,,,,,,,,,,,,,,,,,,
1,2023,7,15,cloudy-outline,☁️,2,4,6,p,x,23,7,8,1,x,8:55,57,,x,w,w,1,1,1,,,,,1,1,1,1,1,,,,1,1,,,1,,,1,,,,,,,1,,1,1,,,,,,37043,,,,,,10,,,,,,,,,,,,,,,,,,,,,,,,,,,,
1,2023,7,16,,,1,4,7,p,x,2,7,5,x,x,5:17,57,,x,w,w,1,1,1,,,,,1,1,,1,1,,,,,,,,1,,1,1,,,,,,,1,,1,1,,,,,,37500,,,,197,,,,634,,,,,,,,,,,,,,,,,,,,,,,,,,
1,2023,7,17,,,1,4,6,b,i,0,6,6,x,x,13:53,57,,x,o,9,,1,,,,,,1,1,,1,1,,,,,,,,,,,1,,,,,,,,,,,1,,,,,37620,,1914,,197,,10,,635,,,,,,,2233,super fatiguee apres le boulot,,,,,,,,,,,,,,,,,,
1,2023,7,18,,,2,5,7,b,x,21,6,9,x,x,14:25,58,,x,o,9,1,,1,,,,,1,1,1,1,1,,,,,,,,1,,,1,,,,,,,,1,1,1,1,,,,,,,,,,,,,,,,,,,,,me sens malade ,,,,,,,,,,,,,,,,,,
1,2023,7,19,,,2,5,7,b,x,23,6,7,x,x,11:56,58,,x,o,7,1,,,,,,,1,1,1,1,1,,,,,,1,,,,,1,,1,,,,,1,,1,1,,,,1055,,39113,,,,198,,11,,656,,,,,,,2231,,,,,,,,,,,,,,,,,,,
1,2023,7,20,,,5,4,8,c,x,21,5,8,x,x,12:49,58,,x,o,9,1,,,,,,,1,,1,,1,,,,,,,,1,,,1,,,,,,,,,1,,1,,,,,39718,,,,199,,11,,659,,,,,,,,,,,,,,,,,,,,,,,,,,
1,2023,7,21,,,2,4,7,h,i,21,6,9,x,x,14:34,58,,x,h,7,1,1,1,1,,,,1,1,,1,,,,1,,,,,1,1,1,1,,,,,,,,,,,1,,,,,40727,,,,200,,11,,665,,,,,,,2224,"debut antibiotiques, peut pas dormir",,,,,,,,,,,,,,,,,,
1,2023,7,22,,,5,6,6,p,x,1,6,5,x,x,13:31,58,,x,w,w,,,,,,,,1,1,1,1,1,,,,,,1,,1,,,1,1,,,,,,,,1,1,1,,,,,40722,,,,,,,,,,,,,,,,eye shopping ,,,,,,,,,,,,,,,,,,
1,2023,7,23,,,1,4,5,p,x,0,7,7,x,x,10:07,58,,x,w,w,1,1,1,1,,,,1,,1,1,1,,,,,1,,,1,,,1,,,,,,,,,1,1,1,,,,,,,,,,,,,,,,,,,,,,,,,,,,,,,,,,,,,,,
1,2023,7,24,,,1,4,4,p,x,23,6,7,x,x,12:43,58,,x,o,9,1,,,,,,,1,,,1,1,,,,,,,,,,,1,,,,,,,,,1,,1,,,,,,,,,,,,,,,,,,,,,,,,,,,,,,,,,,,,,,,
1,2023,7,25,,,2,4,4,p,i,21,6,9,x,a,11:02,58,,x,o,9,,,,,,,,1,1,,1,1,,,,,,,,,,,1,,,,,,,1,,,,1,,,,,,,,,,,,,,,,,,,,,periods headache + frosties overteating,,,,,,,,,,,,,,,,,,
1,2023,7,26,,,1,3,4,p,x,22,6,8,x,a,10:55,58,,x,o,9,,,,,1,,,1,1,,1,1,,,,,,1,,,,,1,,,,,,,,,,,,,,,,40707,,,,,,,,663,,,,,,,,,,,,,,,,,,,,,,,,,,
1,2023,7,27,,,2,4,4,p,i,23,6,7,x,a,13:54,58,,x,o,8,1,,1,,1,,,1,,,1,1,,,,,,,,,,,1,,,,,,,,,1,,,,,,,,,,,,,,,,,,,,,,,,,,,,,,,,,,,,,,,,,
1,2023,7,28,,,2,4,4,p,b,21,6,9,x,x,13:19,58,,x,h,3,1,1,1,,1,,,1,1,,,1,,,,1,,,,,,,1,,,,,,,,,,,,,,,,,,,,,,,,,,,,,,,,,,,,,,,,,,,,,,,,,,
1,2023,7,29,cloudy-outline,☁️,2,5,4,b,n,23,7,8,x,x,8:30,57,,x,w,w,1,1,1,,1,,,1,1,1,,1,,,1,,,,,,,,1,1,,,,,,,,1,,1,,,,,,,,,201,,,,,,,,,,,,Beka bday ennuyeux,,,,,,,,,,,,,,,,,,
1,2023,7,30,rainy-outline,🌧,1,3,4,h,x,1,8,7,x,x,8:29,57,,x,w,w,1,,1,,,1,,1,1,,,1,,,,1,1,1,,,,,1,,,,,,,,,1,,,,,,,41200,,,,,,,,672,,,,,,,,"Se sent un peu seul, veut sortir mais peut pas ",,,,,,,,,,,,,,,,,,
1,2023,7,31,partly-sunny-outline,⛅,2,3,4,p,x,23,6,7,x,x,15:15,58,,x,o,9,1,,,,,1,,1,1,,1,1,,,,,,,,1,,,1,,,,,,,,,,,1,,,,,41920,,,,202,,11,,682,,,,35,,,2227,,,,,,,,,,,,,,,,,,,
1,2023,8,1,partly-sunny-outline,⛅,2,5,5,p,x,23,6,7,x,x,13:49,58,,x,o,8,1,,1,,,,,1,1,,,1,,,,,,,,1,,,1,,,,,,,1,1,,,1,,,,,,,,,,,,,,,,,,,,,,,,,,,,,,,,,,,,,,,
1,2023,8,2,sunny-outline,☀️️,5,5,5,n,x,23,6,7,x,x,14:45,58,,x,o,9,1,,1,,,,,1,1,,,1,,,,,,,,1,,,1,,,,,,,1,1,1,1,1,,,,,,,,,,,,,,,,,,,,,,,,,,,,,,,,,,,,,,,
1,2023,8,3,sunny-outline,☀️️,2,5,4,c,x,23,6,7,x,x,13:43,58,,x,o,7,1,,,,1,1,,1,1,,1,1,,,1,,,1,,1,1,,1,,,,,,,,,,,1,,,,,44903,,,,201,,,,,,,,,,,,,,,,,,,,,,,,,,,,,,
1,2023,8,4,sunny-outline,☀️️,2,3,5,n,x,23,7,8,x,x,10:42,58,,x,o,5,1,,,,,,,1,1,,,1,,,,,,,,,1,,1,,,,,1,,,,1,,,,,,,,,,,,,,,,,,,,,,,칼부림 Hyudai meeting unexpected - went to office on friday,,,,,,,,,,,,,,,,,,
1,2023,8,5,sunny-outline,☀️️,3,3,5,c,x,0,7,7,x,x,6:58,58,,x,w,w,1,,1,,,,,1,1,,,1,,,,,,,,,,,1,,,,,,,,,1,,1,,,,,,,,,,,,,,,,,,,,,went out with korean 미술관,,,,,,,,,,,,,,,,,,
1,2023,8,6,sunny-outline,☀️️,2,3,5,p,x,0,7,7,x,x,9:23,58,,x,w,w,,,,,,,,1,1,,,1,,,,,,,,1,,,1,,,,,,,,1,1,1,,,,,,46476,,,,203,,,,,,,,,,,,productive coding day,,,,,,,,,,,,,,,,,,
1,2023,8,7,partly-sunny-outline,⛅,1,4,5,p,c,23,6,7,x,x,13:30,58,,x,o,9,1,,1,,,,,1,1,,,1,,,1,,,1,,,,,1,,,,,,,1,,1,,1,,,,,,,,,,,12,,715,,,,,,,,,,,,,,,,,,,,,,,,,,
1,2023,8,8,sunny-outline,☀️️,1,3,4,h,x,23,6,7,x,x,14:23,58,,x,o,9,1,,,1,1,,,1,1,,,1,,,,,,,,1,,,1,,,,,,,,,,,1,,,1056,,46629,,,,204,,12,,714,,,,,,,2234,"Dance home alone, happy",,,,,,,,,,,,,,,,,,
1,2023,8,9,cloudy-outline,☁️,1,3,4,h,x,0,6,6,x,x,14:12,58,,x,o,7,1,,,,1,,,1,,,,1,,,,,,,,1,,,1,1,,,,,,,,,,,,,,,,,,,,,,,,,,,,,,,leave work at noon to go insadong buy gifts for Arleta,,,,,,,,,,,,,,,,,,
1,2023,8,10,rainy-outline,🌧,1,4,4,h,x,0,7,7,x,x,11:04,58,,x,h,4,1,,1,,,,,1,1,,,1,,,,,,,,,,,1,,,,,,,,,1,,,,,,,,,,,,,,,,,,,,,,,"""Typhoon""",,,,,,,,,,,,,,,,,,
1,2023,8,11,rainy-outline,🌧,1,3,4,c,x,0,7,7,x,x,14:13,58,,x,h,4,1,1,,,,,,1,,,,1,,,,1,,1,,,1,,1,,,,,1,,1,,1,,,,,,,,,,,,,,,,,,,,,,,,,,,,,,,,,,,,,,,,,
1,2023,8,12,cloudy-outline,☁️,1,4,4,c,x,0,7,7,x,x,11:19,58,,x,w,w,1,,1,,,,,1,,,,1,,,,,,,,,,,1,1,,,,,,,,,,,,,,,48162,,,,205,,,,720,,,,,,,,Very productive quick programming,,,,,,,,,,,,,,,,,,
1,2023,8,13,cloudy-outline,☁️,1,4,4,b,x,23,7,8,1,x,11:20,58,,x,w,w,1,1,1,1,,,,1,1,1,,1,,,,,1,,,1,,1,1,,,,,,,,,1,,1,,,,,48923,,,,,,,,721,,,,,,,,didn’t book pole well - lots of clumsiness,,,,,,,,,,,,,,,,,,
1,2023,8,14,sunny-outline,☀️️,1,5,4,c,x,22,6,8,1,x,13:37,58,1590,x,o,9,,,,,,,,1,1,,1,1,,,,,,,,,,1,1,,,,,,,,,,,1,,,,,48916,,,,206,,,,723,,,,,,,,,,,,,,,,,,,,,,,,,,
1,2023,8,15,cloudy-outline,☁️,4,4,4,c,x,22,7,9,x,x,13:47,57,1629,x,f,w,1,,1,,,,,1,,,,1,,,,,,1,,,,1,1,,,,,,,,1,1,,1,,,,,49694,,,,,,,,728,,,,,,,,,,,,,,,,,,,,,,,,,,
1,2023,8,16,sunny-outline,☀️️,4,4,4,c,x,23,6,7,x,x,14:40,58,2135,x,o,9,1,,1,,,,,1,1,1,1,1,,1,,,,,,,,,1,,,,,,,1,,,,1,,,1053,,51210,,,,206,,,,749,,,,,,,,,,,,,,,,,,,,,,,,,,
1,2023,8,17,partly-sunny-outline,⛅,2,5,4,c,x,23,6,7,x,x,14:46,58,1860,x,o,13,,,,,,,,1,1,,,,,,,,,,,,,1,1,,,,,,,,,,,1,,,,,51204,,,,,,,,749,,,,,,,2237,,,,,,,,,,,,,,,,,,,
1,2023,8,18,cloudy-outline,☁️,3,3,4,h,x,22,7,9,1,x,13:31,58,1892,x,h,6,1,,,,1,,1,1,1,,,1,,,,1,,1,1,,,1,1,,,,1,,,,1,,,1,,,,,53645,,,,206,,,,753,,,,,,,2241,"went to Bonita, has seen Gabi, everyone was nice to me and said I dance well",,,,,,,,,,,,,,,,,,
1,2023,8,19,partly-sunny-outline,⛅,3,4,4,c,x,2,12,10,1,x,10:50,57,1806,x,w,w,,,,,,,,1,1,1,,1,,,,,1,,,1,,1,1,,,,,,,,1,1,,,,,,,53930,,,,,,,,754,,,,,,,,,,,,,,,,,,,,,,,,,,
1,2023,8,20,partly-sunny-outline,⛅,3,4,3,c,x,20,7,11,x,x,13:35,57,1789,x,w,5,1,1,1,,,,,1,1,,,1,,,,,,1,,,,1,1,,,,,,,,1,1,,,,,,,53910,,,,,,,,754,,,,,,,,,,,,,,,,,,,,,,,,,,
1,2023,8,21,cloudy-outline,☁️,2,5,3,c,x,23,6,7,x,x,14:59,58,1743,x,o,10,1,,,,,,,1,1,,,1,,,,,,,,1,,,1,,,,,,,,,,,1,,,,,55018,,,,208,,,,761,,,,,,,,busy day at work,,,,,,,,,,,,,,,,,,
1,2023,8,22,rainy-outline,🌧,,,,,x,22,6,8,x,a,,58,,x,o,11,,,,,,,,,,,,,,1,,,,,,,,,,,1,,,,,1,,,,1,,,1052,,65494,,,,209,,,,843,,,,,,,2241,회식 +escape game. Hello talk guy goes same restaurant 회식,,,,,,,,,,,,,,,,,,
,,,,,,,,,,,,,,,,,,,,,,,,,,,,,,,,,,,,,,,,,,,,,,,,,,,,,,,,,,,,,,,,,,,,,,,,,,,,,,,,,,,,,,,,,,,,,,
,,,,,,,,,,,,,,,,,,,,,,,,,,,,,,,,,,,,,,,,,,,,,,,,,,,,,,,,,,,,,,,,,,,,,,,,,,,,,,,,,,,,,,,,,,,,,,
,,,,,,,,,,,,,,,,,,,,,,,,,,,,,,,,,,,,,,,,,,,,,,,,,,,,,,,,,,,,,,,,,,,,,,,,,,,,,,,,,,,,,,,,,,,,,,
,,,,,,,,,,,,,,,,,,,,,,,,,,,,,,,,,,,,,,,,,,,,,,,,,,,,,,,,,,,,,,,,,,,,,,,,,,,,,,,,,,,,,,,,,,,,,,
,,,,,,,,,,,,,,,,,,,,,,,,,,,,,,,,,,,,,,,,,,,,,,,,,,,,,,,,,,,,,,,,,,,,,,,,,,,,,,,,,,,,,,,,,,,,,,
,,,,,,,,,,,,,,,,,,,,,,,,,,,,,,,,,,,,,,,,,,,,,,,,,,,,,,,,,,,,,,,,,,,,,,,,,,,,,,,,,,,,,,,,,,,,,,
,,,,,,,,,,,,,,,,,,,,,,,,,,,,,,,,,,,,,,,,,,,,,,,,,,,,,,,,,,,,,,,,,,,,,,,,,,,,,,,,,,,,,,,,,,,,,,
,,,,,,,,,,,,,,,,,,,,,,,,,,,,,,,,,,,,,,,,,,,,,,,,,,,,,,,,,,,,,,,,,,,,,,,,,,,,,,,,,,,,,,,,,,,,,,
,,,,,,,,,,,,,,,,,,,,,,,,,,,,,,,,,,,,,,,,,,,,,,,,,,,,,,,,,,,,,,,,,,,,,,,,,,,,,,,,,,,,,,,,,,,,,,
,,,,,,,,,,,,,,,,,,,,,,,,,,,,,,,,,,,,,,,,,,,,,,,,,,,,,,,,,,,,,,,,,,,,,,,,,,,,,,,,,,,,,,,,,,,,,,
,,,,,,,,,,,,,,,,,,,,,,,,,,,,,,,,,,,,,,,,,,,,,,,,,,,,,,,,,,,,,,,,,,,,,,,,,,,,,,,,,,,,,,,,,,,,,,
,,,,,,,,,,,,,,,,,,,,,,,,,,,,,,,,,,,,,,,,,,,,,,,,,,,,,,,,,,,,,,,,,,,,,,,,,,,,,,,,,,,,,,,,,,,,,,
,,,,,,,,,,,,,,,,,,,,,,,,,,,,,,,,,,,,,,,,,,,,,,,,,,,,,,,,,,,,,,,,,,,,,,,,,,,,,,,,,,,,,,,,,,,,,,
,,,,,,,,,,,,,,,,,,,,,,,,,,,,,,,,,,,,,,,,,,,,,,,,,,,,,,,,,,,,,,,,,,,,,,,,,,,,,,,,,,,,,,,,,,,,,,
,,,,,,,,,,,,,,,,,,,,,,,,,,,,,,,,,,,,,,,,,,,,,,,,,,,,,,,,,,,,,,,,,,,,,,,,,,,,,,,,,,,,,,,,,,,,,,
,,,,,,,,,,,,,,,,,,,,,,,,,,,,,,,,,,,,,,,,,,,,,,,,,,,,,,,,,,,,,,,,,,,,,,,,,,,,,,,,,,,,,,,,,,,,,,
,,,,,,,,,,,,,,,,,,,,,,,,,,,,,,,,,,,,,,,,,,,,,,,,,,,,,,,,,,,,,,,,,,,,,,,,,,,,,,,,,,,,,,,,,,,,,,
,,,,,,,,,,,,,,,,,,,,,,,,,,,,,,,,,,,,,,,,,,,,,,,,,,,,,,,,,,,,,,,,,,,,,,,,,,,,,,,,,,,,,,,,,,,,,,
,,,,,,,,,,,,,,,,,,,,,,,,,,,,,,,,,,,,,,,,,,,,,,,,,,,,,,,,,,,,,,,,,,,,,,,,,,,,,,,,,,,,,,,,,,,,,,
,,,,,,,,,,,,,,,,,,,,,,,,,,,,,,,,,,,,,,,,,,,,,,,,,,,,,,,,,,,,,,,,,,,,,,,,,,,,,,,,,,,,,,,,,,,,,,
,,,,,,,,,,,,,,,,,,,,,,,,,,,,,,,,,,,,,,,,,,,,,,,,,,,,,,,,,,,,,,,,,,,,,,,,,,,,,,,,,,,,,,,,,,,,,,
,,,,,,,,,,,,,,,,,,,,,,,,,,,,,,,,,,,,,,,,,,,,,,,,,,,,,,,,,,,,,,,,,,,,,,,,,,,,,,,,,,,,,,,,,,,,,,
,,,,,,,,,,,,,,,,,,,,,,,,,,,,,,,,,,,,,,,,,,,,,,,,,,,,,,,,,,,,,,,,,,,,,,,,,,,,,,,,,,,,,,,,,,,,,,
,,,,,,,,,,,,,,,,,,,,,,,,,,,,,,,,,,,,,,,,,,,,,,,,,,,,,,,,,,,,,,,,,,,,,,,,,,,,,,,,,,,,,,,,,,,,,,
,,,,,,,,,,,,,,,,,,,,,,,,,,,,,,,,,,,,,,,,,,,,,,,,,,,,,,,,,,,,,,,,,,,,,,,,,,,,,,,,,,,,,,,,,,,,,,
,,,,,,,,,,,,,,,,,,,,,,,,,,,,,,,,,,,,,,,,,,,,,,,,,,,,,,,,,,,,,,,,,,,,,,,,,,,,,,,,,,,,,,,,,,,,,,
,,,,,,,,,,,,,,,,,,,,,,,,,,,,,,,,,,,,,,,,,,,,,,,,,,,,,,,,,,,,,,,,,,,,,,,,,,,,,,,,,,,,,,,,,,,,,,
,,,,,,,,,,,,,,,,,,,,,,,,,,,,,,,,,,,,,,,,,,,,,,,,,,,,,,,,,,,,,,,,,,,,,,,,,,,,,,,,,,,,,,,,,,,,,,
,,,,,,,,,,,,,,,,,,,,,,,,,,,,,,,,,,,,,,,,,,,,,,,,,,,,,,,,,,,,,,,,,,,,,,,,,,,,,,,,,,,,,,,,,,,,,,
,,,,,,,,,,,,,,,,,,,,,,,,,,,,,,,,,,,,,,,,,,,,,,,,,,,,,,,,,,,,,,,,,,,,,,,,,,,,,,,,,,,,,,,,,,,,,,
,,,,,,,,,,,,,,,,,,,,,,,,,,,,,,,,,,,,,,,,,,,,,,,,,,,,,,,,,,,,,,,,,,,,,,,,,,,,,,,,,,,,,,,,,,,,,,
,,,,,,,,,,,,,,,,,,,,,,,,,,,,,,,,,,,,,,,,,,,,,,,,,,,,,,,,,,,,,,,,,,,,,,,,,,,,,,,,,,,,,,,,,,,,,,
,,,,,,,,,,,,,,,,,,,,,,,,,,,,,,,,,,,,,,,,,,,,,,,,,,,,,,,,,,,,,,,,,,,,,,,,,,,,,,,,,,,,,,,,,,,,,,
,,,,,,,,,,,,,,,,,,,,,,,,,,,,,,,,,,,,,,,,,,,,,,,,,,,,,,,,,,,,,,,,,,,,,,,,,,,,,,,,,,,,,,,,,,,,,,
,,,,,,,,,,,,,,,,,,,,,,,,,,,,,,,,,,,,,,,,,,,,,,,,,,,,,,,,,,,,,,,,,,,,,,,,,,,,,,,,,,,,,,,,,,,,,,
,,,,,,,,,,,,,,,,,,,,,,,,,,,,,,,,,,,,,,,,,,,,,,,,,,,,,,,,,,,,,,,,,,,,,,,,,,,,,,,,,,,,,,,,,,,,,,
,,,,,,,,,,,,,,,,,,,,,,,,,,,,,,,,,,,,,,,,,,,,,,,,,,,,,,,,,,,,,,,,,,,,,,,,,,,,,,,,,,,,,,,,,,,,,,
,,,,,,,,,,,,,,,,,,,,,,,,,,,,,,,,,,,,,,,,,,,,,,,,,,,,,,,,,,,,,,,,,,,,,,,,,,,,,,,,,,,,,,,,,,,,,,
,,,,,,,,,,,,,,,,,,,,,,,,,,,,,,,,,,,,,,,,,,,,,,,,,,,,,,,,,,,,,,,,,,,,,,,,,,,,,,,,,,,,,,,,,,,,,,
,,,,,,,,,,,,,,,,,,,,,,,,,,,,,,,,,,,,,,,,,,,,,,,,,,,,,,,,,,,,,,,,,,,,,,,,,,,,,,,,,,,,,,,,,,,,,,
,,,,,,,,,,,,,,,,,,,,,,,,,,,,,,,,,,,,,,,,,,,,,,,,,,,,,,,,,,,,,,,,,,,,,,,,,,,,,,,,,,,,,,,,,,,,,,
,,,,,,,,,,,,,,,,,,,,,,,,,,,,,,,,,,,,,,,,,,,,,,,,,,,,,,,,,,,,,,,,,,,,,,,,,,,,,,,,,,,,,,,,,,,,,,
,,,,,,,,,,,,,,,,,,,,,,,,,,,,,,,,,,,,,,,,,,,,,,,,,,,,,,,,,,,,,,,,,,,,,,,,,,,,,,,,,,,,,,,,,,,,,,
,,,,,,,,,,,,,,,,,,,,,,,,,,,,,,,,,,,,,,,,,,,,,,,,,,,,,,,,,,,,,,,,,,,,,,,,,,,,,,,,,,,,,,,,,,,,,,
,,,,,,,,,,,,,,,,,,,,,,,,,,,,,,,,,,,,,,,,,,,,,,,,,,,,,,,,,,,,,,,,,,,,,,,,,,,,,,,,,,,,,,,,,,,,,,
,,,,,,,,,,,,,,,,,,,,,,,,,,,,,,,,,,,,,,,,,,,,,,,,,,,,,,,,,,,,,,,,,,,,,,,,,,,,,,,,,,,,,,,,,,,,,,
,,,,,,,,,,,,,,,,,,,,,,,,,,,,,,,,,,,,,,,,,,,,,,,,,,,,,,,,,,,,,,,,,,,,,,,,,,,,,,,,,,,,,,,,,,,,,,
,,,,,,,,,,,,,,,,,,,,,,,,,,,,,,,,,,,,,,,,,,,,,,,,,,,,,,,,,,,,,,,,,,,,,,,,,,,,,,,,,,,,,,,,,,,,,,
,,,,,,,,,,,,,,,,,,,,,,,,,,,,,,,,,,,,,,,,,,,,,,,,,,,,,,,,,,,,,,,,,,,,,,,,,,,,,,,,,,,,,,,,,,,,,,
,,,,,,,,,,,,,,,,,,,,,,,,,,,,,,,,,,,,,,,,,,,,,,,,,,,,,,,,,,,,,,,,,,,,,,,,,,,,,,,,,,,,,,,,,,,,,,
,,,,,,,,,,,,,,,,,,,,,,,,,,,,,,,,,,,,,,,,,,,,,,,,,,,,,,,,,,,,,,,,,,,,,,,,,,,,,,,,,,,,,,,,,,,,,,
,,,,,,,,,,,,,,,,,,,,,,,,,,,,,,,,,,,,,,,,,,,,,,,,,,,,,,,,,,,,,,,,,,,,,,,,,,,,,,,,,,,,,,,,,,,,,,
,,,,,,,,,,,,,,,,,,,,,,,,,,,,,,,,,,,,,,,,,,,,,,,,,,,,,,,,,,,,,,,,,,,,,,,,,,,,,,,,,,,,,,,,,,,,,,
,,,,,,,,,,,,,,,,,,,,,,,,,,,,,,,,,,,,,,,,,,,,,,,,,,,,,,,,,,,,,,,,,,,,,,,,,,,,,,,,,,,,,,,,,,,,,,
,,,,,,,,,,,,,,,,,,,,,,,,,,,,,,,,,,,,,,,,,,,,,,,,,,,,,,,,,,,,,,,,,,,,,,,,,,,,,,,,,,,,,,,,,,,,,,
,,,,,,,,,,,,,,,,,,,,,,,,,,,,,,,,,,,,,,,,,,,,,,,,,,,,,,,,,,,,,,,,,,,,,,,,,,,,,,,,,,,,,,,,,,,,,,
,,,,,,,,,,,,,,,,,,,,,,,,,,,,,,,,,,,,,,,,,,,,,,,,,,,,,,,,,,,,,,,,,,,,,,,,,,,,,,,,,,,,,,,,,,,,,,
,,,,,,,,,,,,,,,,,,,,,,,,,,,,,,,,,,,,,,,,,,,,,,,,,,,,,,,,,,,,,,,,,,,,,,,,,,,,,,,,,,,,,,,,,,,,,,
,,,,,,,,,,,,,,,,,,,,,,,,,,,,,,,,,,,,,,,,,,,,,,,,,,,,,,,,,,,,,,,,,,,,,,,,,,,,,,,,,,,,,,,,,,,,,,
,,,,,,,,,,,,,,,,,,,,,,,,,,,,,,,,,,,,,,,,,,,,,,,,,,,,,,,,,,,,,,,,,,,,,,,,,,,,,,,,,,,,,,,,,,,,,,
,,,,,,,,,,,,,,,,,,,,,,,,,,,,,,,,,,,,,,,,,,,,,,,,,,,,,,,,,,,,,,,,,,,,,,,,,,,,,,,,,,,,,,,,,,,,,,
,,,,,,,,,,,,,,,,,,,,,,,,,,,,,,,,,,,,,,,,,,,,,,,,,,,,,,,,,,,,,,,,,,,,,,,,,,,,,,,,,,,,,,,,,,,,,,
,,,,,,,,,,,,,,,,,,,,,,,,,,,,,,,,,,,,,,,,,,,,,,,,,,,,,,,,,,,,,,,,,,,,,,,,,,,,,,,,,,,,,,,,,,,,,,
,,,,,,,,,,,,,,,,,,,,,,,,,,,,,,,,,,,,,,,,,,,,,,,,,,,,,,,,,,,,,,,,,,,,,,,,,,,,,,,,,,,,,,,,,,,,,,
,,,,,,,,,,,,,,,,,,,,,,,,,,,,,,,,,,,,,,,,,,,,,,,,,,,,,,,,,,,,,,,,,,,,,,,,,,,,,,,,,,,,,,,,,,,,,,
,,,,,,,,,,,,,,,,,,,,,,,,,,,,,,,,,,,,,,,,,,,,,,,,,,,,,,,,,,,,,,,,,,,,,,,,,,,,,,,,,,,,,,,,,,,,,,
,,,,,,,,,,,,,,,,,,,,,,,,,,,,,,,,,,,,,,,,,,,,,,,,,,,,,,,,,,,,,,,,,,,,,,,,,,,,,,,,,,,,,,,,,,,,,,
,,,,,,,,,,,,,,,,,,,,,,,,,,,,,,,,,,,,,,,,,,,,,,,,,,,,,,,,,,,,,,,,,,,,,,,,,,,,,,,,,,,,,,,,,,,,,,
,,,,,,,,,,,,,,,,,,,,,,,,,,,,,,,,,,,,,,,,,,,,,,,,,,,,,,,,,,,,,,,,,,,,,,,,,,,,,,,,,,,,,,,,,,,,,,
,,,,,,,,,,,,,,,,,,,,,,,,,,,,,,,,,,,,,,,,,,,,,,,,,,,,,,,,,,,,,,,,,,,,,,,,,,,,,,,,,,,,,,,,,,,,,,
,,,,,,,,,,,,,,,,,,,,,,,,,,,,,,,,,,,,,,,,,,,,,,,,,,,,,,,,,,,,,,,,,,,,,,,,,,,,,,,,,,,,,,,,,,,,,,
,,,,,,,,,,,,,,,,,,,,,,,,,,,,,,,,,,,,,,,,,,,,,,,,,,,,,,,,,,,,,,,,,,,,,,,,,,,,,,,,,,,,,,,,,,,,,,
,,,,,,,,,,,,,,,,,,,,,,,,,,,,,,,,,,,,,,,,,,,,,,,,,,,,,,,,,,,,,,,,,,,,,,,,,,,,,,,,,,,,,,,,,,,,,,
,,,,,,,,,,,,,,,,,,,,,,,,,,,,,,,,,,,,,,,,,,,,,,,,,,,,,,,,,,,,,,,,,,,,,,,,,,,,,,,,,,,,,,,,,,,,,,
,,,,,,,,,,,,,,,,,,,,,,,,,,,,,,,,,,,,,,,,,,,,,,,,,,,,,,,,,,,,,,,,,,,,,,,,,,,,,,,,,,,,,,,,,,,,,,
,,,,,,,,,,,,,,,,,,,,,,,,,,,,,,,,,,,,,,,,,,,,,,,,,,,,,,,,,,,,,,,,,,,,,,,,,,,,,,,,,,,,,,,,,,,,,,
,,,,,,,,,,,,,,,,,,,,,,,,,,,,,,,,,,,,,,,,,,,,,,,,,,,,,,,,,,,,,,,,,,,,,,,,,,,,,,,,,,,,,,,,,,,,,,
,,,,,,,,,,,,,,,,,,,,,,,,,,,,,,,,,,,,,,,,,,,,,,,,,,,,,,,,,,,,,,,,,,,,,,,,,,,,,,,,,,,,,,,,,,,,,,
,,,,,,,,,,,,,,,,,,,,,,,,,,,,,,,,,,,,,,,,,,,,,,,,,,,,,,,,,,,,,,,,,,,,,,,,,,,,,,,,,,,,,,,,,,,,,,
,,,,,,,,,,,,,,,,,,,,,,,,,,,,,,,,,,,,,,,,,,,,,,,,,,,,,,,,,,,,,,,,,,,,,,,,,,,,,,,,,,,,,,,,,,,,,,
,,,,,,,,,,,,,,,,,,,,,,,,,,,,,,,,,,,,,,,,,,,,,,,,,,,,,,,,,,,,,,,,,,,,,,,,,,,,,,,,,,,,,,,,,,,,,,
,,,,,,,,,,,,,,,,,,,,,,,,,,,,,,,,,,,,,,,,,,,,,,,,,,,,,,,,,,,,,,,,,,,,,,,,,,,,,,,,,,,,,,,,,,,,,,
,,,,,,,,,,,,,,,,,,,,,,,,,,,,,,,,,,,,,,,,,,,,,,,,,,,,,,,,,,,,,,,,,,,,,,,,,,,,,,,,,,,,,,,,,,,,,,
,,,,,,,,,,,,,,,,,,,,,,,,,,,,,,,,,,,,,,,,,,,,,,,,,,,,,,,,,,,,,,,,,,,,,,,,,,,,,,,,,,,,,,,,,,,,,,
,,,,,,,,,,,,,,,,,,,,,,,,,,,,,,,,,,,,,,,,,,,,,,,,,,,,,,,,,,,,,,,,,,,,,,,,,,,,,,,,,,,,,,,,,,,,,,
,,,,,,,,,,,,,,,,,,,,,,,,,,,,,,,,,,,,,,,,,,,,,,,,,,,,,,,,,,,,,,,,,,,,,,,,,,,,,,,,,,,,,,,,,,,,,,
,,,,,,,,,,,,,,,,,,,,,,,,,,,,,,,,,,,,,,,,,,,,,,,,,,,,,,,,,,,,,,,,,,,,,,,,,,,,,,,,,,,,,,,,,,,,,,
,,,,,,,,,,,,,,,,,,,,,,,,,,,,,,,,,,,,,,,,,,,,,,,,,,,,,,,,,,,,,,,,,,,,,,,,,,,,,,,,,,,,,,,,,,,,,,
,,,,,,,,,,,,,,,,,,,,,,,,,,,,,,,,,,,,,,,,,,,,,,,,,,,,,,,,,,,,,,,,,,,,,,,,,,,,,,,,,,,,,,,,,,,,,,
,,,,,,,,,,,,,,,,,,,,,,,,,,,,,,,,,,,,,,,,,,,,,,,,,,,,,,,,,,,,,,,,,,,,,,,,,,,,,,,,,,,,,,,,,,,,,,
,,,,,,,,,,,,,,,,,,,,,,,,,,,,,,,,,,,,,,,,,,,,,,,,,,,,,,,,,,,,,,,,,,,,,,,,,,,,,,,,,,,,,,,,,,,,,,
,,,,,,,,,,,,,,,,,,,,,,,,,,,,,,,,,,,,,,,,,,,,,,,,,,,,,,,,,,,,,,,,,,,,,,,,,,,,,,,,,,,,,,,,,,,,,,
,,,,,,,,,,,,,,,,,,,,,,,,,,,,,,,,,,,,,,,,,,,,,,,,,,,,,,,,,,,,,,,,,,,,,,,,,,,,,,,,,,,,,,,,,,,,,,
,,,,,,,,,,,,,,,,,,,,,,,,,,,,,,,,,,,,,,,,,,,,,,,,,,,,,,,,,,,,,,,,,,,,,,,,,,,,,,,,,,,,,,,,,,,,,,
,,,,,,,,,,,,,,,,,,,,,,,,,,,,,,,,,,,,,,,,,,,,,,,,,,,,,,,,,,,,,,,,,,,,,,,,,,,,,,,,,,,,,,,,,,,,,,
,,,,,,,,,,,,,,,,,,,,,,,,,,,,,,,,,,,,,,,,,,,,,,,,,,,,,,,,,,,,,,,,,,,,,,,,,,,,,,,,,,,,,,,,,,,,,,
,,,,,,,,,,,,,,,,,,,,,,,,,,,,,,,,,,,,,,,,,,,,,,,,,,,,,,,,,,,,,,,,,,,,,,,,,,,,,,,,,,,,,,,,,,,,,,
,,,,,,,,,,,,,,,,,,,,,,,,,,,,,,,,,,,,,,,,,,,,,,,,,,,,,,,,,,,,,,,,,,,,,,,,,,,,,,,,,,,,,,,,,,,,,,
,,,,,,,,,,,,,,,,,,,,,,,,,,,,,,,,,,,,,,,,,,,,,,,,,,,,,,,,,,,,,,,,,,,,,,,,,,,,,,,,,,,,,,,,,,,,,,
,,,,,,,,,,,,,,,,,,,,,,,,,,,,,,,,,,,,,,,,,,,,,,,,,,,,,,,,,,,,,,,,,,,,,,,,,,,,,,,,,,,,,,,,,,,,,,
,,,,,,,,,,,,,,,,,,,,,,,,,,,,,,,,,,,,,,,,,,,,,,,,,,,,,,,,,,,,,,,,,,,,,,,,,,,,,,,,,,,,,,,,,,,,,,
,,,,,,,,,,,,,,,,,,,,,,,,,,,,,,,,,,,,,,,,,,,,,,,,,,,,,,,,,,,,,,,,,,,,,,,,,,,,,,,,,,,,,,,,,,,,,,
,,,,,,,,,,,,,,,,,,,,,,,,,,,,,,,,,,,,,,,,,,,,,,,,,,,,,,,,,,,,,,,,,,,,,,,,,,,,,,,,,,,,,,,,,,,,,,
,,,,,,,,,,,,,,,,,,,,,,,,,,,,,,,,,,,,,,,,,,,,,,,,,,,,,,,,,,,,,,,,,,,,,,,,,,,,,,,,,,,,,,,,,,,,,,
,,,,,,,,,,,,,,,,,,,,,,,,,,,,,,,,,,,,,,,,,,,,,,,,,,,,,,,,,,,,,,,,,,,,,,,,,,,,,,,,,,,,,,,,,,,,,,
,,,,,,,,,,,,,,,,,,,,,,,,,,,,,,,,,,,,,,,,,,,,,,,,,,,,,,,,,,,,,,,,,,,,,,,,,,,,,,,,,,,,,,,,,,,,,,
,,,,,,,,,,,,,,,,,,,,,,,,,,,,,,,,,,,,,,,,,,,,,,,,,,,,,,,,,,,,,,,,,,,,,,,,,,,,,,,,,,,,,,,,,,,,,,
,,,,,,,,,,,,,,,,,,,,,,,,,,,,,,,,,,,,,,,,,,,,,,,,,,,,,,,,,,,,,,,,,,,,,,,,,,,,,,,,,,,,,,,,,,,,,,
,,,,,,,,,,,,,,,,,,,,,,,,,,,,,,,,,,,,,,,,,,,,,,,,,,,,,,,,,,,,,,,,,,,,,,,,,,,,,,,,,,,,,,,,,,,,,,
,,,,,,,,,,,,,,,,,,,,,,,,,,,,,,,,,,,,,,,,,,,,,,,,,,,,,,,,,,,,,,,,,,,,,,,,,,,,,,,,,,,,,,,,,,,,,,
,,,,,,,,,,,,,,,,,,,,,,,,,,,,,,,,,,,,,,,,,,,,,,,,,,,,,,,,,,,,,,,,,,,,,,,,,,,,,,,,,,,,,,,,,,,,,,
,,,,,,,,,,,,,,,,,,,,,,,,,,,,,,,,,,,,,,,,,,,,,,,,,,,,,,,,,,,,,,,,,,,,,,,,,,,,,,,,,,,,,,,,,,,,,,
,,,,,,,,,,,,,,,,,,,,,,,,,,,,,,,,,,,,,,,,,,,,,,,,,,,,,,,,,,,,,,,,,,,,,,,,,,,,,,,,,,,,,,,,,,,,,,
,,,,,,,,,,,,,,,,,,,,,,,,,,,,,,,,,,,,,,,,,,,,,,,,,,,,,,,,,,,,,,,,,,,,,,,,,,,,,,,,,,,,,,,,,,,,,,
,,,,,,,,,,,,,,,,,,,,,,,,,,,,,,,,,,,,,,,,,,,,,,,,,,,,,,,,,,,,,,,,,,,,,,,,,,,,,,,,,,,,,,,,,,,,,,
,,,,,,,,,,,,,,,,,,,,,,,,,,,,,,,,,,,,,,,,,,,,,,,,,,,,,,,,,,,,,,,,,,,,,,,,,,,,,,,,,,,,,,,,,,,,,,
,,,,,,,,,,,,,,,,,,,,,,,,,,,,,,,,,,,,,,,,,,,,,,,,,,,,,,,,,,,,,,,,,,,,,,,,,,,,,,,,,,,,,,,,,,,,,,
,,,,,,,,,,,,,,,,,,,,,,,,,,,,,,,,,,,,,,,,,,,,,,,,,,,,,,,,,,,,,,,,,,,,,,,,,,,,,,,,,,,,,,,,,,,,,,
,,,,,,,,,,,,,,,,,,,,,,,,,,,,,,,,,,,,,,,,,,,,,,,,,,,,,,,,,,,,,,,,,,,,,,,,,,,,,,,,,,,,,,,,,,,,,,
,,,,,,,,,,,,,,,,,,,,,,,,,,,,,,,,,,,,,,,,,,,,,,,,,,,,,,,,,,,,,,,,,,,,,,,,,,,,,,,,,,,,,,,,,,,,,,
,,,,,,,,,,,,,,,,,,,,,,,,,,,,,,,,,,,,,,,,,,,,,,,,,,,,,,,,,,,,,,,,,,,,,,,,,,,,,,,,,,,,,,,,,,,,,,
,,,,,,,,,,,,,,,,,,,,,,,,,,,,,,,,,,,,,,,,,,,,,,,,,,,,,,,,,,,,,,,,,,,,,,,,,,,,,,,,,,,,,,,,,,,,,,
,,,,,,,,,,,,,,,,,,,,,,,,,,,,,,,,,,,,,,,,,,,,,,,,,,,,,,,,,,,,,,,,,,,,,,,,,,,,,,,,,,,,,,,,,,,,,,
,,,,,,,,,,,,,,,,,,,,,,,,,,,,,,,,,,,,,,,,,,,,,,,,,,,,,,,,,,,,,,,,,,,,,,,,,,,,,,,,,,,,,,,,,,,,,,
,,,,,,,,,,,,,,,,,,,,,,,,,,,,,,,,,,,,,,,,,,,,,,,,,,,,,,,,,,,,,,,,,,,,,,,,,,,,,,,,,,,,,,,,,,,,,,
,,,,,,,,,,,,,,,,,,,,,,,,,,,,,,,,,,,,,,,,,,,,,,,,,,,,,,,,,,,,,,,,,,,,,,,,,,,,,,,,,,,,,,,,,,,,,,
,,,,,,,,,,,,,,,,,,,,,,,,,,,,,,,,,,,,,,,,,,,,,,,,,,,,,,,,,,,,,,,,,,,,,,,,,,,,,,,,,,,,,,,,,,,,,,
,,,,,,,,,,,,,,,,,,,,,,,,,,,,,,,,,,,,,,,,,,,,,,,,,,,,,,,,,,,,,,,,,,,,,,,,,,,,,,,,,,,,,,,,,,,,,,
,,,,,,,,,,,,,,,,,,,,,,,,,,,,,,,,,,,,,,,,,,,,,,,,,,,,,,,,,,,,,,,,,,,,,,,,,,,,,,,,,,,,,,,,,,,,,,
,,,,,,,,,,,,,,,,,,,,,,,,,,,,,,,,,,,,,,,,,,,,,,,,,,,,,,,,,,,,,,,,,,,,,,,,,,,,,,,,,,,,,,,,,,,,,,
,,,,,,,,,,,,,,,,,,,,,,,,,,,,,,,,,,,,,,,,,,,,,,,,,,,,,,,,,,,,,,,,,,,,,,,,,,,,,,,,,,,,,,,,,,,,,,